788940000.0,7077281.4206702905,215.57559438246918,12350.317530699756,-13.098880650015193,130.98202335788267,7503.955092492296,6811602.187573938,33527.3031566023,1920777.9114245756,-2036.9879334665281,126.06501796983179,7222.260042472624,4792822.714161723,4840237.480995583,1920777.9114245756,-1529.509410026226,-1351.226551872482,7222.260042472624,7077281.4206702905,12352.198830410845,0.0,-13.098880650015193,7505.098155293106,0.0,7077281.4206702905,7084.930186246614,10118.328923395138,-13.098880650015193,4304.747454377831,6147.81649649789,20267942.130119637,35374.26819616104,0.0,-7.740385485753029,4434.9096982050305,0.0
788940060.0,7062157.664287653,8068.751156315846,462257.4848337379,-490.8542267164528,130.70210682359524,7487.873378378502,6675673.281124352,41018.21164364135,2349920.6599352807,-2492.4281667730484,123.54777337009128,7077.664229317119,4691409.556771728,4749418.094603291,2349920.674892639,-1849.7754826454284,-1675.0516286568723,7077.664699489558,7062157.584918664,462328.85598099825,-0.09176242578256694,-490.85923205832125,7489.059039587088,-0.0030565375932544575,7062157.639437945,265180.93871900236,378716.82682591386,-490.85581178445375,4295.547893085136,6134.640504529087,20265730.88252092,301458.1565166861,-0.0013652290905550798,-65.96680914827621,4434.425840069211,-4.5505877197559753e-05
788940120.0,7018419.092644594,15889.233599651427,910286.5505865118,-966.6009997524916,129.8926316370777,7441.373528921153,6512715.024312013,48343.04215470481,2769523.5943029323,-2937.660846387739,120.53101052865374,6904.3770929004995,4571001.122282675,4639368.621729456,2769523.647022751,-2162.470696870581,-1992.0120971004046,6904.377848456017,7018417.957696991,910432.1563590809,-0.36627196337098783,-966.6376754956244,7442.673795598678,-0.006087459274417249,7018418.729021297,522202.46591706015,745776.5851135162,-966.6128242644853,4268.943704966031,6096.542829561551,20260026.340406917,567490.0811486704,-0.005460337280790636,-124.18186364829984,4433.1776001225835,-9.099335562282214e-05
788940180.0,6946244.638855356,23645.33963846085,1354617.6231227473,-1438.394118809124,128.55697182073686,7364.649848177687,6323394.394636695,55472.19056346092,3177886.3667502585,-3370.8766857188743,117.02729813543718,6703.1223920856455,4432089.958016541,4510539.753388617,3177886.4681758964,-2466.324553395464,-2300.8196924871686,6703.123223398639,6946239.141712582,1354846.3036732464,-0.8212531894555051,-1438.5132081250606,7366.128354678147,-0.009068187382801178,6946242.862924665,777108.1625095205,1109806.507151387,-1438.4327599414971,4225.044393268799,6033.680687152805,20250829.48693029,833424.18497671,-0.012283750108233252,-182.37551602550369,4431.165193418497,-0.00013644675190651375
788940240.0,6845929.457155289,31305.65417031802,1793446.254499554,-1904.306052436259,126.70068891985426,7258.0225991147645,6108485.376781362,62376.86677552259,3573355.5047603636,-3790.3193081728423,113.05119044055668,6474.7382161875585,4275243.702976131,4363458.422889058,3573355.6526668575,-2760.1053664184496,-2600.2221568529076,6474.738895036459,6845912.575135114,1793770.2896869686,-1.452964318841501,-1904.5802444433266,7259.729563167077,-0.011974445152969256,6845923.979697935,1028865.3846131202,1469327.9942638683,-1904.3953129351405,4164.030518928136,5946.31329448418,20238141.907119412,1099214.6277383685,-0.021832952359117017,-240.5377370042053,4428.3889666611485,-0.00018185039171658961
788940300.0,6717883.614795373,38839.16071699831,2224990.9513102104,-2362.4352966656156,124.33150313372674,7121.936339801034,5868865.567958881,69029.21171229598,3954331.1469778894,-4194.292518295519,108.61915418401541,6220.17277268237,4101102.604926902,4198725.488281885,3954331.3250591755,-3042.6253543520374,-2889.008432954386,6220.173059097038,6717843.380227172,2225425.1161365677,-2.256219618073583,-2362.9561490929236,7123.904006012652,-0.014782401736886316,6717870.526144274,1276454.4330791663,1822881.031166917,-2362.605196565308,4086.152841509234,5834.8006354459,20221965.787605505,1364815.5939215533,-0.034104488732107294,-298.6585027199475,4424.849398145975,-0.00022718861380748544
788940360.0,6562630.280624876,46215.369804448674,2647500.566729745,-2810.9146644212287,121.45925356306842,6956.957632302599,5605512.35885395,75402.4096646448,4319273.512182444,-4581.167171997286,103.74948746508541,5940.479709873655,3910376.7405970795,4017013.111385031,4319273.689561622,-3312.745441402165,-3166.0135805055243,5940.479359347972,6562548.762348352,2648060.9322409253,-3.224420457735656,-2811.788687084342,6959.196370273605,-0.017468815018558057,6562603.714886993,1518872.7314421616,2169030.183139262,-2811.200156478664,3991.731133325365,5699.6017559059,20202303.916246172,1630181.3006576363,-0.04909396474490077,-356.7277964451582,4420.547097677433,-0.00027244577406651625
788940420.0,6380803.423376546,53404.44464273485,3059261.5369446143,-3247.919330412773,118.09584805106094,6763.772151718485,5319498.715125022,81470.79555811481,4666709.074890142,-4949.387616764107,98.46223140286203,5636.813023478334,3703842.956970276,3819061.8507084027,4666709.20606716,-3569.379750010442,-3430.123393469962,5636.8117942960835,6380655.965099247,3059964.0603420525,-4.3495948496116945,-3249.263364430228,6766.267353612018,-0.020011171510407634,6380755.306930949,1755138.9231910666,2506370.4772171974,-3248.3587835633834,3881.15267822649,5541.272605647092,20179159.68164544,1895266.0056089628,-0.06679604788349391,-414.7356103135872,4415.482806464165,-0.00031760624955643694
788940480.0,6173145.035885072,60377.32349872183,3458604.926959856,-3671.6745804063894,114.25520320652613,6543.181229179433,5011988.585954239,87209.95672341874,4995236.4241268765,-5297.477680190259,92.7790754646719,5310.421597550019,3482341.5526872245,3605677.486722277,4995236.449362839,-3811.499769425816,-3680.2787024372205,5310.419257971335,6172899.788985054,3459463.88256468,-5.622445272522585,-3673.6106324187085,6545.891124313048,-0.02238782263022765,6173064.932541994,1984296.8698572575,2833533.140806429,-3672.3080835663013,3754.8704692773904,5360.463447360223,20152537.07257041,2160024.014849393,-0.08720446899386529,-472.6719470432233,4409.657396991577,-0.00036265444255291577
788940540.0,5940501.904367958,67105.8381924852,3843913.2529751407,-4080.46321949998,109.95317529254231,6296.097868087084,4684231.96721081,92596.82881868341,5303531.784953799,-5624.046192555456,86.72325734201617,4962.643430339176,3246772.719299817,3377727.5987122366,5303531.63107613,-4038.1381908985304,-3915.479351331553,4962.639765403176,5940119.682576657,3844939.561819088,-7.0324045489342755,-4083.112929038444,6298.952340826228,-0.024578116669616255,5940376.9662378095,2205419.5323391897,3149191.1724321158,-4081.3307642648283,3613.4011219075796,5157.915856470592,20122440.677264526,2424409.690736522,-0.11031202391572184,-530.5268216573982,4403.071872871852,-0.00040757478457610543
788940600.0,5683821.944430129,73562.8281918346,4213627.0510149,-4472.632600471225,105.20748274001787,6023.542277253321,4337559.647434647,97609.78560229091,5590354.18533586,-5927.792036281014,80.31945823525395,4594.899594638043,2998092.7625390883,3136137.9129564096,5590353.766934375,-4248.392405006963,-4134.787842746219,4594.894412354443,5683256.416726158,4214826.570994659,-8.567699493510874,-4476.111531416478,6026.442740277243,-0.02656252577934559,5683636.973901422,2417612.718939475,3452064.720862165,-4473.772205479493,3457.3225210686087,4934.459338380779,20088875.682657704,2688377.459774221,-0.13611057535797885,-588.2902632037797,4395.727368671418,-0.00045235174041625536
788940660.0,5404150.127583137,79722.2498266789,4566251.164219619,-4846.60124021078,100.037621101479,5726.63696780876,3973377.665075395,102228.72230575838,5854550.253856579,-6207.508721718723,73.59369436971105,4208.687979956765,2737310.123886305,2881888.4421598604,5854549.474827599,-4441.427661284182,-4337.332650906473,4208.681116684602,5403348.353950047,4567623.004802301,-10.215422014812418,-4851.013193544901,5729.457306857303,-0.02832276731419149,5403887.751969251,2620018.684749651,3740926.2505018874,-4848.047082005072,3287.2712224380207,4691.0075918717885,20051847.873473343,2951881.8204641547,-0.16459105501550714,-645.9523164709625,4387.6251497159055,-0.000496969812150555
788940720.0,5102624.023773161,85559.28019501363,4900360.724082973,-5200.8649994786565,94.46477129453267,5406.601462721907,3593161.505273058,106435.1324038521,6095058.636530908,-6462.0884946545275,66.57320550946781,3805.576860647643,2465481.222598801,2616009.436011008,6095057.391915384,-4616.479894467291,-4522.311205500388,3805.568185491723,5101527.326622468,4901895.6494221045,-11.96160731246777,-5206.296544057423,5409.190032457273,-0.029841918899482754,5102264.980291404,2811819.5682535637,4014605.472730563,-5202.645614541878,3103.939628738756,4428.554448886935,20011363.631232448,3214877.35114492,-0.19574346592667058,-703.5030437023598,4378.7666118726265,-0.0005414135431521926
788940780.0,4780468.986679066,91050.41538375668,5214606.803877701,-5534.002808499197,88.51170199675104,5064.746668485443,3198450.0639868085,110212.17762302642,6310914.023495919,-6690.525985975324,59.28634116345942,3387.198329993591,2183706.1379733607,2339577.162418206,6310912.201548499,-4772.858225229364,-4688.992553254585,3387.1877480877665,4779014.13911895,5216285.785898455,-13.791318774545696,-5540.518219376099,5066.929283373574,-0.031104526603992367,4779992.511605075,2992240.6523032333,4271994.024691124,-5536.139428771804,2908.0729627899063,4148.169521714276,19967429.93315499,3477318.71781746,-0.2295568850711096,-760.932526307103,4369.153281310608,-0.0005856675220897081
788940840.0,4438993.009376428,96173.56267919118,5507721.72547691,-5844.681928009864,82.20266704448258,4702.46895800531,2790839.4065243993,113544.75106850002,6501250.77861939,-6891.921418012866,51.762445094958785,2955.2416354910474,1893124.1510699438,2053709.538480102,6501248.263038774,-4909.947146075276,-4836.719707071419,2955.229090080355,4437113.710513063,5509514.704098143,-15.688739143664714,-5852.318708185761,4704.052788369901,-0.032096705628917484,4438377.321603286,3160553.437922527,4512049.878911802,-5847.187007694164,2700.466058977221,3850.993588696,19920054.35095872,3739160.6819554074,-0.26601946620719413,-818.2308665676561,4358.786814238227,-0.0006297163869160025
788940900.0,4079581.2783829668,100908.12649213293,5778524.003674519,-6131.6627420797395,75.56329865843605,4321.244012036218,2371976.3465591627,116419.53338422213,6665306.167024111,-7065.483385043025,44.0317386536432,2511.446445295556,1594909.1644125024,1759561.6295853918,6665302.839271131,-5027.208405119996,-4964.911694711371,2511.4319185750587,4077209.8758498356,5780388.905007632,-17.637267485789938,-6140.427883913342,4322.022264829594,-0.032806232950600686,4078804.1443308094,3316078.520686093,4733801.468993429,-6134.538727067557,2481.9599944536426,3538.2337490609075,19869245.049555637,4000358.1082990156,-0.3051184429484702,-875.3881893438529,4347.6689966184895,-0.000673544828846029
788940960.0,3703690.454135487,105235.08777095098,6025922.914871411,-6393.80308510967,68.62049727063896,3922.6204637484907,1943551.870612876,118825.0418882572,6802423.177159129,-7210.531227222675,36.12520335317312,2057.5960702840976,1290265.0173799568,1458321.0342739169,6802418.9187878575,-5124.182601681919,-5073.065320354474,2057.579582999185,3700759.8653953825,6027804.9701930415,-19.619621462832843,-6403.67020269538,3922.3777011737316,-0.033222631385399964,3702729.8181154677,3458188.260677866,4936351.518401003,-6397.041468160009,2253.4385805905717,3211.158376355408,19815010.78564631,4260865.972631338,-0.3468401320784027,-932.3946437730624,4335.801743861999,-0.0007171375963219324
788941020.0,3312842.7056401074,109137.07672018767,6248922.679562673,-6630.062110735086,61.40231866300428,3508.213387327819,1507294.4318011415,120751.67264858448,6912052.935349813,-7326.497017875135,28.074463020562284,1595.5106606530644,980420.7141488229,1151203.1716712948,6912047.630278707,-5200.490508006448,-5160.7566528939915,1595.4922705122028,3309288.4825867773,6250754.078379664,-21.617944379268582,-6640.969545213445,3506.731315144595,-0.03333724457874247,3311677.367472334,3586309.238231912,5118880.561119985,-6633.6428058698775,2015.824734052675,2871.0918983151373,19757360.906212326,4520639.369535314,-0.3911699371026568,-989.2404049661941,4323.18710049767,-0.0007604794989658206
788941080.0,2908619.526438171,112598.43868287237,6446626.250385625,-6839.503714722531,53.93785905027483,3079.6976670750246,1064963.1354532042,122191.73548106712,6993756.711732409,-7412.927183518188,19.911665750589993,1127.040390643951,666625.5801989113,839446.4874829302,6993750.248386845,-5255.83413100994,-5227.642254522021,1127.0201896386925,2904382.00267418,6448326.150326109,-23.61391644418872,-6851.3536817677,3076.761208957253,-0.03314330245691767,2907229.8464334635,3699924.4887787797,5280650.144548579,-6843.394773543907,1770.0767454280347,2519.4094289668055,19696305.34690712,4779633.520130437,-0.4380923520381087,-1045.9156756992497,4309.827239821244,-0.0008035554115177687
788941140.0,2492655.3581998334,115605.29308001528,6618238.699529039,-7021.299527265549,46.25713865303683,2638.801278487263,618340.8380970587,123139.4818627264,7047207.517144589,-7469.483774439431,11.66936581292402,654.0586400897581,350144.3625918797,524307.5937477427,7047199.790409101,-5289.997526755525,-5273.460162109338,654.0367508565078,2487681.8152528787,6619713.604469674,-25.588869663689366,-7033.9583410465175,2634.204743696742,-0.03263597671960701,2491023.968595006,3798575.511147585,5421005.706475002,-7025.457208409273,1517.184461686285,2157.531276385466,19631854.630345423,5037803.779787662,-0.48759096543770086,-1102.4106881001335,4295.724463521662,-0.0008463502777591265
788941200.0,2066631.0472617098,118145.58533074195,6763070.201034345,-7174.731492268768,38.39098421360305,2187.298507483603,169227.18030438415,123591.12576001546,7072191.290933397,-7495.945401076569,3.38040558498904,178.4551772045872,32252.28852209926,207056.35685092036,7072182.203861007,-5302.847378523473,-5298.030632138558,178.43174859673934,2060877.8350202995,6764214.707202595,-27.523905754429705,-7188.030864237677,2180.8516566772832,-0.03181242599346884,2064743.5488788167,3881864.044596977,5539379.1193180885,-7179.100683403225,1258.1653969420427,1786.917346973317,19564019.864291683,5295105.6458212435,-0.5396484646502238,-1158.7157053304293,4280.881201285366,-0.0008888491144200695
788941260.0,1632267.1583332361,120209.13170085438,6880538.60492671,-7299.19405222832,30.370910812859105,1727.0031285158138,-280568.4269285937,123544.85737427288,7068607.679798918,-7492.207848106431,-4.922202477019409,-297.8706564282173,-285769.9039426526,-111029.0522834147,7068597.145035947,-5294.333346928467,-5301.2566576253785,-297.8954543619634,1625701.7061561493,6881236.503100879,-29.40001644775601,-7312.93342741621,1718.5369467748603,-0.03067183031225945,1630112.7816213109,3949453.610661482,5635290.895982745,-7303.709032304985,994.0607841554729,1409.0614644955078,19492812.73974771,5551494.7651561545,-0.594246640314059,-1214.821023261859,4265.300010378586,-0.0009310370150703972
788941320.0,1191317.16847822,121787.65704629525,6970171.601198251,-7394.19595718453,22.22900325367511,1259.76155701081,-729233.8431857137,123000.84980586827,7036470.407768637,-7458.284374168183,-13.205393860730844,-773.0167602357724,-602640.9494368627,-428667.1323233874,7036458.348665747,-5264.4881976948955,-5283.124262684056,-773.0427416518112,1183919.8267064719,6970297.3119656695,-31.19820553513973,-7408.145816536612,1249.1335539863508,-0.029215414636924075,1188889.3791729105,4001070.816602948,5708352.052697925,-7398.78147545794,725.9315785930748,1025.4856195303482,19418245.528939925,5806926.941969802,-0.6513663910838352,-1270.7169721471325,4248.983575207695,-0.0009728991539925767
788941380.0,745560.5634010425,122874.82543129628,7031608.472441886,-7459.361714996413,13.997797190127358,787.4459866492873,-1174961.2482875544,121961.25863577652,6975907.237253873,-7394.305700750175,-21.43617007142371,-1245.0850914422838,-917084.039939454,-744578.0367360499,6975893.588647354,-5213.427709576389,-5243.702577305199,-1245.1120602554386,737326.2202483815,7031028.781147986,-32.89961198999048,-7473.2677408532845,774.5448606478045,-0.02744646117972463,742857.594760297,4036506.417854763,5758265.625070974,-7463.9343530528595,454.8544221840847,637.734162586482,19340331.08320652,6061358.145306694,-0.7109877285889258,-1326.3939182849042,4231.934706857698,-0.001014420790036428
788941440.0,296795.8570939636,123466.26360939254,7064601.434429903,-7494.432697966907,5.71016010520543,311.94751760515385,-1615954.1819411977,120430.21441956649,6887159.520940813,-7300.51968917878,-29.58171682118899,-1712.1884876639438,-1227831.797284483,-1057488.5568784284,6887144.229601783,-5141.350361655505,-5183.143691673057,-1712.2162430262665,287735.28291533823,7063177.483307232,-34.48563348833132,-7508.020672192035,296.6970428513198,-0.025370310349646492,293821.15297105466,4055616.137348831,5784827.834322074,-7498.902471990552,181.9175764199457,247.36795202028935,19259082.830784895,6314744.516664773,-0.7730897826226402,-1381.8422656785485,4214.156342608939,-0.0010555872704542555
788941500.0,-153166.4449113544,123559.57735966625,7069016.5641856985,-7499.267917772387,-2.6008278238531464,-164.83072176151808,-2050434.5545229926,118413.80808524146,6770581.344081949,-7177.290700092354,-37.60952238437199,-2172.4574979487306,-1533631.2201995694,-1366137.089644052,6770564.368844591,-5048.536796047093,-5101.682286118737,-2172.4858394336093,-163025.56543303624,7066606.051497412,-35.93804964151431,-7512.249199195467,-182.4686983760448,-0.022994350191903216,-156403.88909839565,4058321.2400360717,5787928.901276325,-7503.540070846327,-91.78316977407047,-144.04153384712714,19174514.774499793,6567042.377552089,-0.8376508065609317,-1437.0524576884725,4195.651545432106,-0.0010963840347158861
788941560.0,-602510.9190524255,123154.36067141422,7044834.315159976,-7473.8444768932795,-10.901992981243678,-640.9804599937881,-2476649.6096666367,115920.06922418877,6626638.256646047,-7025.098625493594,-45.48749613788697,-2624.047223034951,-1833248.5922009111,-1669278.5760088698,6626619.56823881,-4935.349049016499,-4999.635029747913,-2624.0759553223475,-613123.2965134403,7041293.845277175,-37.23914424824578,-7485.9218874632725,-661.0039956374167,-0.02032799425211456,-605996.3272060612,4044608.8612684873,5767553.506214508,-7477.821405532742,-365.1486116564992,-534.9181122794496,19086641.489352457,6818208.2370125335,-0.9046481830093661,-1492.01497867768,4176.423503461623,-0.0011367966183023796
788941620.0,-1049424.3147355006,122252.19776892244,6992149.619052034,-7418.257700505431,-19.160187727900905,-1114.5951763519338,-2892878.818617398,112958.93726480307,6455905.594820119,-6844.537579668923,-53.184087254752036,-3065.1441627148333,-2125474.336172537,-1965689.3963188902,6455885.175435338,-4802.229540866004,-4877.399738052969,-3065.173099597436,-1060726.7255220758,6987337.143394818,-38.371825870807434,-7429.131638400599,-1136.9612321552113,-0.017382647855452547,-1053137.0191035508,4014532.088025654,5723780.893146808,-7421.840956033615,-637.0802547562732,-923.6868319409459,18995478.120011296,7068198.799119325,-0.9740584296770505,-1546.720355650306,4156.475529447512,-0.0011768106564774778
788941680.0,-1492102.6436603835,120856.65796529254,6911171.573676358,-7332.720948295126,-27.342410025850477,-1583.7770059034185,-3297440.685393186,109542.22552215772,6259066.391593407,-6636.314232145432,-60.668403453039375,-3493.97306439217,-2409127.800810985,-2254172.2075101244,6259044.234240753,-4649.699812780765,-4735.454277564033,-3494.0020319532246,-1504013.9693947257,6904948.860500475,-39.31974604161167,-7342.09554156842,-1608.4014851528568,-0.014171662852443333,-1496016.0946673546,3968209.7922641444,5656784.61751002,-7335.813252206508,-906.4844505255203,-1308.7799217398767,18901040.37820443,7316970.9704349665,-1.0458572054761917,-1601.1591598828406,4135.811060185824,-0.0012164118880369362
788941740.0,-1928758.2481363784,118973.2833314684,6802222.71613162,-7217.565101136188,-35.41592331211682,-2046.643657918686,-3688699.4407110265,105683.57812529118,6036908.876641337,-6401.2457635997425,-67.91032962301955,-3908.803762368165,-2683061.9633583925,-2533560.706681707,6036884.984338355,-4478.358997281421,-4574.35520393712,-3908.832601218481,-1941179.8809290414,6794457.787277882,-40.067414411207814,-7225.154217392485,-2073.402463012072,-0.01071028094589667,-1932840.1440466156,3905826.2159693236,5566831.936732934,-7220.072314275815,-1172.2765363611927,-1688.642745034018,18803344.540014617,7564481.867436384,-1.120019316845879,-1655.3220085477612,4114.4336559277435,-0.001255586159033175
788941800.0,-2357626.828620387,116609.56916493626,6665737.880451056,-7073.237713249645,-43.34837663432786,-2501.3353479668676,-4065071.6014494943,101398.41983695098,5790323.566506864,-6140.257424381393,-74.88064606579773,-4307.9579922609855,-2946168.0322172055,-2802724.30459463,5790297.951365411,-4288.882008103093,-4394.73611892369,-4307.986558763627,-2370443.4281494953,6656307.355359265,-40.600310157634375,-7078.7706492238485,-2530.066403138534,-0.007015565777241583,-2361839.3605213603,3827630.307819857,5454282.843601905,-7075.070701418863,-1433.3849740975743,-2061.7397505269105,18702407.443076964,7810688.823903978,-1.1965187242986275,-1709.199566329295,4092.346999767442,-0.0012943194264759686
788941860.0,-2776974.410026172,113774.93724315854,6502262.6389651485,-6900.301816582008,-51.107925013378015,-2946.0217414160566,-4425032.37118738,96703.89879949563,5520299.9471758185,-5854.3796751703,-81.55114598081364,-4689.816159470231,-3197379.9321836443,-3060572.6917858897,5520272.629446196,-4082.017435281132,-4197.305731491013,-4689.844325925084,-2790054.988300768,6491053.9303808985,-40.9049889896412,-6903.528505944957,-2976.5278971639736,-0.0031063240150214673,-2781274.614309977,3733934.811759772,5319588.742922787,-6901.378159933113,-1688.7554799890265,-2426.560409632889,18598246.48367997,8055549.398273312,-1.275328549188191,-1762.7825470310354,4069.5548970088194,-0.0013325977620071063
788941920.0,-3185104.2254570564,110480.70185070364,6312451.32685002,-6699.43436089847,-58.66334993514451,-3378.9089024047385,-4767121.85615495,91618.8222653632,5227922.752577163,-5544.744890315704,-87.89475174112275,-5052.824034962449,-3435678.654203398,-3306060.27911935,5227893.759712069,-3858.58513201416,-3982.8456090136388,-5052.85168876749,-3198303.525994385,6299364.638544451,-40.96918509281198,-6700.1299585701145,-3410.9616099621417,0.0009969842469675048,-3189444.4330073986,3625115.108232933,5163290.772647587,-6699.679861003393,-1937.3551377782592,-2781.625128052224,18490879.613770325,8299021.380948167,-1.3564210806970805,-1816.061715175136,4046.061274511213,-0.0013704073555492573
788941980.0,-3580363.4949472724,106740.02857717458,6097064.649820596,-6471.424270678943,-65.98417979581616,-3798.2462379092212,-5089951.069827584,86163.58540110607,4914367.844309789,-5212.583606620328,-93.8856293984513,-5395.499346110946,-3660096.4507919657,-3538190.4937904207,4914337.210107885,-3619.473481504434,-3752.2076059486963,-5395.526387960823,-3593523.6253090664,6082014.734061092,-40.78190738800549,-6469.39299658608,-3831.589858967834,0.005272345409860885,-3584691.8637064435,3501607.8093890604,4986017.771441215,-6470.7742171875525,-2178.1764847360773,-3125.4911168554254,18380325.337862056,8541062.801573724,-1.4397677830422022,-1869.0278875928066,4021.870180014199,-0.0014077345189275224
788942040.0,-3961150.0756145534,102567.88589617114,5856966.875699457,-6217.170098482871,-73.04081003700492,-4202.3334214657525,-5392207.698453029,80360.09329024977,4580897.699992263,-4859.220303710862,-99.49930076867354,-5716.438225104842,-3869720.857623487,-3756019.9111119043,4580865.463876254,-3365.636334422378,-3506.310959725247,-5716.464566328746,-3974102.3460596832,5839884.516861403,-40.33352949577759,-6212.248252104644,-4236.690020469235,0.009696302172275982,-3965411.1911914204,3363909.110234148,4788483.8956269175,-6215.570266509609,-2410.2415586334746,-3456.7582056275314,18266602.709850486,8781631.936268594,-1.5253393028969442,-1921.671935005839,3996.9857814415996,-0.001444565689462684
788942100.0,-4325918.9583912,97980.98955419504,5593122.611681769,-5937.677254130323,-79.80462261106933,-4589.527275622257,-5672661.599100848,74231.67630170778,4228856.520024396,-4486.068706602646,-104.71275236649448,-6014.32147277204,-4063698.52132342,-3958662.20188132,4228822.726501265,-3098.0896108530865,-3246.1390466729645,-6014.347031950008,-4338485.875004213,5573955.811944133,-39.61587282849459,-5929.735342240297,-4624.601729900191,0.014244072716471842,-4330054.485938131,3212572.89848184,4571485.889583495,-5935.084613568275,-2632.605891546462,-3774.0745772842,18149731.329731576,9020687.31481448,-1.6131054770280024,-1973.9847835988928,3971.4123661848134,-0.0014808874335358723
788942160.0,-4673188.585281514,92997.73982295004,5306593.170542063,-5634.054789906603,-86.2481043179245,-4958.248586519661,-5930170.001417792,67802.99903649448,3859664.9652005737,-4094.626606509749,-109.50454038932446,-6287.920591744366,-4241238.813245504,-4145291.874810119,3859629.66354228,-2817.9075644754616,-2972.7357946107877,-6287.945290772883,-4685185.943453162,5285308.023700041,-38.62228226361954,-5622.998742467644,-4993.733843695182,0.018889678718143434,-4677137.955054283,3048208.62677151,4335900.014980783,-5630.437918384248,-2844.3624342862718,-4076.1424011677386,18029731.34022723,9258187.727802219,-1.7030353401452036,-2025.9574165822671,3945.1543403655915,-0.0015166864501236534
788942220.0,-5001546.959961897,87638.151698979,4998532.530794333,-5307.511724064766,-92.34496345618088,-5306.988818373853,-6163682.384220357,61099.9631151445,3474814.5404736088,-3686.470202221004,-113.85489089777407,-6536.103539911835,-4401617.209009925,-4315147.793421525,3474777.784645529,-2526.2187111911144,-2687.2017531080905,-6536.127299714519,-5012785.9835811,4975113.780472677,-37.347693887036144,-5293.283206039458,-5342.571130988825,0.023606081560777578,-5005248.068797566,2871478.951953585,4082678.645732148,-5302.850925839296,-3044.6453931851524,-4361.723338095425,17906623.42331712,9494092.233732969,-1.7950971329625245,-2077.5808757448945,3918.216228078385,-0.001551949574302579
788942280.0,-5309657.523568263,81923.7781708507,4670182.897912974,-4959.352888157369,-98.07024413791113,-5634.316690285521,-6372244.998399647,54149.6041205113,3075861.643173677,-3263.247971276137,-117.7457943064985,-6757.840153216624,-4544178.413858071,-4467536.447028333,3075823.492025753,-2224.2014293297584,-2390.689827292586,-6757.862889313077,-5319946.996713852,4644634.186494838,-35.788694334129,-4941.928746840827,-5669.680664345291,0.02836532607899273,-5313047.434963786,2683097.1472974457,3812846.5372057785,-4953.640031489693,-3232.6339590444786,-4629.643888298384,17780428.796677615,9728360.16607334,-1.8892583104684413,-2128.8462629972873,3890.6026706123953,-0.001586663780722311
788942340.0,-5596264.766773395,75877.62671574383,4322869.876124421,-4590.9742881122065,-103.4004375317336,-5938.8845729783825,-6555005.008386639,46979.98306428858,2664421.2970710373,-2826.6740875263813,-121.16109328626106,-6952.207186139076,-4668339.214461912,-4601834.955908819,2664381.814793507,-1913.0792437626335,-2084.400686265494,-6952.228804293858,-5605413.107975084,4295213.7001565965,-33.94357129849218,-4570.365205301198,-5973.717879790963,0.033138691101882715,-5599280.393291326,2483824.2947410466,3527496.7800542675,-4584.212383219922,-3407.555906358272,-4878.800550786877,17651169.21002847,9960951.140263239,-1.9854855504037079,-2179.7447419041737,3862.318425653454,-0.0016208161870465707
788942400.0,-5860199.548809074,69524.06923362378,3957997.262950276,-4203.857974369103,-108.31358922699499,-6219.434658972463,-6711214.225647351,39620.07279937974,2242160.5967593715,-2378.5214092257756,-124.08656318735133,-7118.392918800422,-4773591.038725879,-4717493.791622673,2242119.853591589,-1594.1158115953936,-1769.5778625372104,-7118.413310974366,-5868016.782919136,3928274.659307207,-31.81235482338985,-4180.106419167164,-6253.432277694057,0.03789684601759941,-5862778.302123822,2274466.2656577015,3227786.450970902,-4196.060522563572,-3568.691039546413,-5108.164760728399,17518866.941387847,10191825.060675208,-2.0837447619446285,-2230.267539206556,3833.368366465879,-0.0016543940573618974
788942460.0,-6100384.093991135,62888.74567740426,3577041.4815724315,-3799.566422669363,-112.78940185597934,-6474.8048565300705,-6840232.409353054,32099.639852789027,1810791.8898514279,-1920.6140693374368,-126.50998412640185,-7255.701281479406,-4859502.206339219,-4814039.194554722,1810749.9630191526,-1268.6096324202606,-1447.5025642498595,-7255.720322297008,-6106683.683148531,3545311.4759579585,-29.396849039212285,-3772.7440230377683,-6507.67273748434,0.04261001253465917,-6102464.489948031,2055870.5000432446,2914931.974730567,-3790.7565744529634,-3715.374461943369,-5316.787570036307,17383544.793236356,10420942.127524106,-2.1840010945898216,-2280.4059463329377,3803.7574810544315,-0.0016873848055517582
788942520.0,-6315836.636607109,55998.46169047997,3181545.66913874,-3379.736434054563,-116.80933207408658,-6703.934355628675,-6941530.111491955,24449.12220366556,1372065.7273424037,-1454.8197070166111,-128.42120393296915,-7363.5554504978445,-4925719.854370297,-4891075.272236975,1372022.7021865915,-937.8885112166106,-1119.4882271390047,-7363.572994427574,-6320437.139409256,3147884.5243256167,-26.700654060901098,-3349.9409025639693,-6735.392420828892,0.04724813077427418,-6317358.845109101,1828922.5955004378,2590204.2139868927,-3369.9459995392817,-3846.9996427535766,-5503.804035629041,17245226.088590737,10648262.843725897,-2.2862189472484205,-2330.151320899448,3773.4908713065356,-0.0017197759986370279
788942580.0,-6505675.685761055,48881.08061760812,2773113.4422650086,-2946.07257007825,-120.35668098197165,-6905.8688133407795,-7014691.046233056,16699.503577181196,927763.615133568,-983.0413860186675,-129.81219122796966,-7441.500873815098,-4971971.524024292,-4948285.763764381,927719.5863825737,-603.3038067372495,-786.874838041653,-7441.516753234803,-6508402.222268127,2737613.7476262944,-23.729177812373077,-2913.424331098381,-6935.653239669021,0.05178102879173583,-6506582.018023221,1594542.718888419,2254923.305433934,-2935.340928903108,-3963.021257152385,-5668.437279802675,17103934.66698789,10873748.021704383,-2.39036197752764,-2379.4950881986197,3742.573752114887,-0.0017515553600806104
788942640.0,-6669123.882960735,41565.410309995525,2353402.364140371,-2500.340146933396,-123.41667708017108,-7079.765106418377,-7059413.96628423,8882.184865828218,479690.6020481798,-507.20925185934163,-130.67707800147366,-7489.207690183642,-4998066.396785934,-4985435.457661993,479645.67517588136,-266.2245024526792,-451.0230661273864,-7489.221714471639,-6669809.392197038,2316172.0103876297,-20.48963760004515,-2464.9788183346436,-7107.629867469871,0.05617859459398114,-6669359.211570935,1353681.8549818937,1910453.2630555388,-2488.713106789248,-4062.95777521386,-5810.00218790793,16959694.8803799,11097358.790144712,-2.496393111217547,-2428.428742676553,3711.0114504806184,-0.0017827107730564867
788942700.0,-6805511.426886301,34081.08519924197,1924117.1407294841,-2044.357819909345,-125.97655087643626,-7224.895600626505,-7075514.032256454,1028.8533243711063,29667.74165012833,-29.271984732034753,-131.01219117006204,-7506.47251221941,-5003896.170504429,-5002371.252847628,29622.03425513173,71.96885928822405,-113.30824177471396,-7506.48446797447,-6803997.712710212,1885278.224283992,-16.9910513143217,-2006.4387020826966,-7250.613274127296,0.0604109496952151,-6805023.537066506,1107317.907915112,1558196.3712320188,-2031.8864727789592,-4146.393776398012,-5927.908710056846,16812531.588940833,11319056.6006925,-2.6042745519708763,-2476.9438493982184,3678.809404597159,-0.0018132302836818383
788942760.0,-6914279.041890645,26458.444166108795,1487002.5765067923,-1579.9897970701,-128.02560031872522,-7340.651889438924,-7062923.66459541,-6828.649787873057,-420475.53326147405,448.8118907032157,-130.81607272097548,-7493.2195510599195,-4989435.568505906,-4999022.854823474,-420521.8901253412,409.8903364009942,224.8857739841398,-7493.229203511591,-6910417.612113585,1446690.2766065595,-13.244218196001032,-1539.6805157729,-7364.01376720391,0.06444862323323258,-6913018.915252012,856451.6725365163,1199587.3924046583,-1566.7294203838783,-4212.981967925984,-6021.664735897409,16662470.156785918,11538803.2345974,-2.7139677911756475,-2525.0320455006417,3645.9731629149583,-0.0018431021042115362
788942820.0,-6994980.469328163,18728.40477756603,1043836.3228773347,-1109.1377280522552,-129.55524630166173,-7426.547959045657,-7021692.871402135,-14658.462424276357,-868909.083504474,925.0827746344288,-130.08948818816916,-7449.501068221249,-4954742.4774910165,-4975403.101874687,-868955.9441185312,746.1547940655568,562.1727843658202,-7449.508163847225,-6988633.181420142,1002197.7914499454,-9.261689163621227,-1066.6151655554704,-7447.363524514005,0.06826272565605754,-6992902.504142098,602102.6940392186,836087.6157681277,-1095.1467742395268,-4262.44488748968,-6090.878514553548,16509536.447603954,11756560.809299996,-2.8254336180183084,-2572.685041633728,3612.5083831872257,-0.0018723146161945398
788942880.0,-7047284.463755898,10922.33450794023,596421.454861901,-633.7323201904697,-130.55907758958324,-7482.2227421302905,-6951989.049360983,-22428.835123543973,-1313809.7431207174,1397.5887748747155,-128.83542335030495,-7375.497148601698,-4899957.712738174,-4931607.918800313,-1313856.9460844353,1079.3841130902636,897.1704697499038,-7375.501418922916,-7038323.998050618,553614.7545227536,-5.057726757418671,-589.1799519507083,-7500.318605530043,0.07182512098193396,-7044346.638218681,345305.0353299733,469178.775025883,-619.0715327322398,-4294.576273341827,-6135.260595574565,16353756.82020362,11972291.784960866,-2.9386321297351037,-2619.8946233884694,3578.420831496849,-0.0019008563735913161
788942940.0,-7070976.279350754,3071.919596079523,146578.91368535592,-155.7247395874938,-131.03288461269383,-7507.442029417492,-6854096.258946584,-30108.26383147435,-1753368.9650377198,1864.3944371890277,-127.05906918860136,-7271.514797081662,-4825304.411930114,-4867815.898495894,-1753416.332512998,1408.2133530533133,1228.5065719659358,-7271.515963560107,-7059286.467064142,102772.03316523228,-0.6482548154245524,-109.33047190006107,-7522.660431625283,0.07510859663567393,-7067140.266407893,87102.97252777944,100356.86456519517,-140.45642686699074,-4309.24208783658,-6154.625271090351,16195158.123974485,12185958.970930705,-3.0535227420492923,-2666.6526527122974,3543.716381264661,-0.0019287161058514522
788943000.0,-7065958.635479231,-4790.967780726221,-303860.14545139787,322.9221409207791,-130.97468172132707,-7502.099715395982,-6728413.979010469,-37665.62147224191,-2185800.392485503,2323.5893583405377,-124.7677952891467,-7137.986369596523,-4731087.061695532,-4784287.514490506,-2185847.729765034,1731.2968244979943,1554.825003970611,-7137.9841495170385,-7051434.6738362,-348490.17632176523,3.9492019431205634,370.9675622400025,-7514.296727780267,0.07808702987096325,-7061189.879419314,-171453.36028071443,-268874.11554674595,338.7346506494176,-4306.381183868156,-6148.891504223959,16033767.694263496,12397525.532160385,-3.1700641997918098,-2712.95106931133,3508.401012239222,-0.0019558827209507175
788943060.0,-7032252.154173068,-12634.403314586423,-753062.0599588517,800.2425818374434,-130.384717623406,-7466.218362687346,-6575455.349672251,-45070.28758496241,-2609347.316767347,2773.2966194275687,-121.97111201563814,-6975.467357675111,-4617690.163651696,-4681363.97025677,-2609394.4122215295,2047.3140262502036,1874.7918405243295,-6975.461470852388,-7014800.744309332,-798329.9415697325,8.71558819279475,849.7465497364103,-7475.261921047113,0.08073554980148795,-7026519.9203385785,-429312.3553769655,-637008.4546028674,816.5352898745041,-4286.00560730204,-6118.08333405138,15869613.347667709,12606954.995549858,-3.2882145877029325,-2758.7818920392792,3472.4808094682917,-0.0019823453083871873
788943120.0,-6969995.266228998,-20426.544643038607,-1199198.3796704314,1274.2768382461911,-129.26547387796074,-7399.949078032553,-6395844.91608267,-52292.27536487662,-3022289.983353315,3211.6809807233567,-118.68062191057504,-6784.633553013616,-4485576.549294116,-4559465.693705786,-3022336.6087995735,2354.9754065897796,2187.1011479525773,-6784.623729130462,-6949534.711172677,-1244911.1945891217,13.630397843158963,1325.045237255922,-7405.716993765856,0.08303069408354463,-6963272.675782051,-685425.3228851694,-1002545.0347707367,1290.9852241269036,-4248.2005323173225,-6062.329752886623,15702723.377244115,12814211.256234793,-3.407931341412449,-2804.1372202727757,3435.961962252165,-0.00200809314213539
788943180.0,-6879443.586682572,-28135.764976595456,-1640453.5585817555,1743.0799749306254,-127.62165146887361,-7303.57070156665,-6190315.889015446,-59302.35547961677,-3422952.7100687237,3636.956783994204,-114.90996090206899,-6566.2776254850605,-4335285.355455672,-4419090.487699171,-3422998.621594557,2653.0279104552224,2490.4806143569976,-6566.263611839402,-6855903.886566748,-1686411.3070624415,18.67176309706837,1794.9169260319668,-7305.948792242113,0.0849505593190985,-6871707.648386514,-938750.8673655263,-1363993.6114343293,1760.138948729556,-4193.123830480861,-5981.8640572668655,15533126.547637345,13019258.583809886,-3.52917125859581,-2849.0092352728743,3398.85076307905,-0.0020331156835578503
788943240.0,-6760968.7644214295,-35730.785567122126,-2075032.57758181,2204.7305690449753,-125.46014563358668,-7177.488319702283,-5959706.941318824,-66072.17606882767,-3809710.7833357863,4047.395514002109,-110.67472999642723,-6321.30515388403,-4167429.6742062513,-4260811.3496124195,-3809755.722592842,2940.260278982846,2783.696945616643,-6321.2867233008,-6734291.744146943,-2121028.6079006,23.81655232222511,2257.437613237521,-7176.368794305586,0.08647494428081276,-6752200.41485613,-1188259.2276718717,-1719881.038965619,2222.0742409755826,-4121.005278252755,-5877.022679572145,15360852.090126116,13222061.628487743,-3.651890510303678,-2893.3902015325066,3361.1536065426712,-0.002057402584273553
788943300.0,-6615056.814619931,-43180.8063212424,-2501168.458112264,2657.339236333432,-122.79000926707462,-7022.231120300191,-5704958.561963354,-72574.37837884924,-4180997.100934876,4441.332977409739,-105.9924182208566,-6050.730153523217,-3982693.8929483355,-4085273.9749295856,-4181040.796906282,3215.508072343107,3065.5609970623204,-6050.707112174382,-6585196.315559995,-2546989.8107651793,29.040476279286548,2710.7140307580225,-7017.511341854893,0.08758548509915426,-6605240.977162397,-1432936.5586148829,-2068757.4111072598,2674.9005260554977,-4032.1454113773657,-5748.243512592775,15185929.697589241,13422585.427192306,-3.7760446524622653,-2937.2724681096497,3322.876988242284,-0.0020809436889821517
788943360.0,-6442305.946415191,-50455.63388634017,-2917129.6280499543,3099.0569205012325,-119.62240535787248,-6838.449616635646,-5427108.991719236,-78782.70753203682,-4535308.532513642,4817.17606438796,-100.88231764400831,-5755.6701484176265,-3781830.7420562613,-3893193.9615091244,-4535350.703741259,3477.658391888366,3334.9326156685856,-5755.64234328946,-6409228.108579341,-2962557.31970519,34.31820219955161,3152.89154514829,-6830.031347136712,0.08826578159602047,-6431431.617731774,-1671789.1335866859,-2409202.086040135,3116.767036392641,-3926.9140381484467,-5596.063744417551,15008389.519392107,13620795.409585744,-3.9015886375418023,-2980.6484699459807,3284.0275036652843,-0.0021037290382441625
788943420.0,-6243423.901730686,-57525.80656791202,-3321227.1029149583,3528.0828901116683,-115.97054903658001,-6626.91227375762,-5127289.766356891,-84672.11798130914,-4871211.972013244,5173.409065650495,-95.36543134332547,-5437.3408381398685,-3565658.068688331,-3685353.732514379,-4871252.329255947,3725.6542829053174,3590.725172828332,-5437.308163891586,-6207107.556295425,-3366036.381659504,39.623475157778515,3582.161883353631,-6614.70148408759,0.08850151399899016,-6231484.272505847,-1903847.4481205035,-2739829.5673928773,3545.8707154022227,-3805.748426761945,-5421.117225629938,14828262.156194448,13816657.404027794,-4.028476826390448,-3023.510729170788,3244.6118470526108,-0.0021257488712153345
788943480.0,-6019224.824322376,-64362.71547516375,-3711821.447712192,3942.6723931645315,-111.849639924704,-6388.501576991542,-4806720.894675056,-90218.87325332205,-5187350.059223893,5508.599525168668,-89.4643752067334,-5097.050410475981,-3335055.356363127,-3462599.1970389523,-5187388.308503009,3958.4988046029434,3831.9097730860135,-5097.0128154478525,-5979662.008853297,-3755782.055331314,44.92924614134984,3996.7706497704758,-6372.408878567044,0.08828054932497885,-6006217.438571874,-2128170.205359038,-3059295.213894442,3960.46382100586,-3669.151184807625,-5224.131394856309,14645578.654680356,14010137.643466504,-4.156663000230903,-3065.851856389921,3204.636810247125,-0.002146993628335536
788943540.0,-5770625.680918341,-70938.72133576998,-4087329.4872571626,4341.143926115973,-107.27678556016828,-6124.209587397668,-4466705.699622432,-95400.6396369131,-5482446.550748702,5821.403616211944,-83.20327445236315,-4736.193550770491,-3090960.010535726,-3225836.1681768782,-5482482.3967228765,4175.258759194009,4057.5191294378633,-4736.151041922187,-5727822.281260697,-4130205.966843311,50.207806176080965,4395.024601406957,-6104.151313713747,0.08759303678122682,-5756552.635596492,-2343848.165562304,-3366300.7520391047,4358.861189162918,-3517.687851335769,-5005.923792117329,14460370.50221139,14201202.771259386,-4.286100372816955,-3107.664551959545,3164.1092815251754,-0.002167453953970935
788943600.0,-5498642.2587034535,-77227.26646942613,-4446230.735646941,4721.886081314241,-102.27091674317337,-5835.1330328439235,-4108625.3513070554,-100196.57352582931,-5755311.323670118,6110.571035385137,-76.60765572474328,-4356.24519738187,-2834363.43074769,-2976026.558699737,-5755344.473269576,4375.068076881196,4266.65110079604,-4356.197843972407,-5452618.772744138,-4487782.8236254845,55.43092583171988,4775.298649268217,-5811.03296894678,0.08643149159472413,-5483510.442519846,-2550007.8430709047,-3659599.5679846746,4739.4471230694535,-3351.984223818484,-4767.398192120575,14272669.621403731,14389819.84692395,-4.416741602747144,-3148.941607244495,3123.036244411536,-0.002187120699008948
