OBJECT_NAME,OBJECT_ID,EPOCH,MEAN_MOTION,ECCENTRICITY,INCLINATION,RA_OF_ASC_NODE,ARG_OF_PERICENTER,MEAN_ANOMALY,EPHEMERIS_TYPE,CLASSIFICATION_TYPE,NORAD_CAT_ID,ELEMENT_SET_NO,REV_AT_EPOCH,BSTAR,MEAN_MOTION_DOT,MEAN_MOTION_DDOT
UNKNOWN,,2026-05-10T08:04:42.964032,14.08074411,.0136117,99.3626,150.6397,99.0154,278.3574,0,U,81011,999,442,.11689E-2,.2121E-4,0
UNKNOWN,,2026-05-10T13:43:42.902976,14.08059996,.0136266,99.3621,150.8830,98.3958,29.4103,0,U,81015,999,361,.11573E-2,.2099E-4,0
UNKNOWN,,2026-05-10T03:01:35.385600,9.33050026,.257675,66.1074,268.1003,129.4679,256.4081,0,U,81036,999,3556,.67372E-2,.2907E-4,0
UNKNOWN,,2026-05-09T03:26:30.709536,13.84755972,.0558402,65.7717,16.3742,236.8818,117.7480,0,U,81052,999,62071,.42265E-3,.1533E-4,0
UNKNOWN,,2026-05-10T11:21:38.420640,13.61590539,.0069875,100.3838,45.7280,37.1611,323.4335,0,U,81069,999,53616,.34042E-2,.26E-4,0
UNKNOWN,,2026-05-10T09:58:02.128224,7.59825727,.3845232,62.8641,238.8233,3.1636,358.7357,0,U,81111,999,28321,.12305E-2,.6538E-4,0
UNKNOWN,,2026-05-05T16:54:47.758752,13.81947787,.0004117,99.9632,220.3412,83.4492,276.7128,0,U,81123,999,62616,.10541E-2,.1082E-4,0
UNKNOWN,,2026-05-08T21:22:13.685952,12.93037525,.0026537,90.2537,7.3920,7.5090,352.6420,0,U,81134,999,48162,.80352E-3,.227E-5,0
UNKNOWN,,2026-05-09T15:10:11.005248,13.81950637,.0022923,82.9248,255.0245,156.2413,203.9811,0,U,81219,999,62794,.37336E-3,.417E-5,0
UNKNOWN,,2026-05-07T18:41:44.651328,14.42631892,.0058761,70.5256,308.4611,146.6891,213.7963,0,U,81228,999,64714,.99172E-3,.3313E-4,0
UNKNOWN,,2026-05-08T10:58:08.480640,14.02682301,.0071609,100.3768,215.7250,46.0591,314.6449,0,U,81254,999,63345,.20502E-2,.3183E-4,0
UNKNOWN,,2026-05-10T08:46:52.362048,14.20325768,.0205103,98.1052,182.7304,309.5074,48.8126,0,U,81279,999,48369,.2181E-3,.533E-5,0
UNKNOWN,,2026-05-03T23:05:46.745376,13.76800103,.0084025,66.7586,316.1589,137.4873,11.9471,0,U,81301,999,62593,.25563E-3,.184E-5,0
UNKNOWN,,2026-05-04T03:23:06.495360,14.56769262,.0131733,98.7082,192.9757,49.6347,336.2031,0,U,81311,999,66032,.12424E-3,.568E-5,0
UNKNOWN,,2026-05-08T05:41:49.624224,13.38076295,.0218483,67.1377,214.0276,292.6742,95.7740,0,U,81317,999,60823,.38025E-3,.166E-5,0
UNKNOWN,,2026-05-03T08:29:09.678336,14.51577889,.0329959,65.7507,350.9038,239.3398,117.4798,0,U,81323,999,13358,.98596E-3,.7975E-4,0
UNKNOWN,,2026-05-04T09:09:10.285056,13.22868848,.0838822,65.8147,163.6450,325.4707,29.4454,0,U,81329,999,59694,.4901E-3,.1364E-4,0
UNKNOWN,,2026-05-09T23:31:31.730304,15.05923520,.001051,85.8704,119.9970,79.1169,281.1248,0,U,81343,999,47661,.33818E-3,.4954E-4,0
UNKNOWN,,2026-05-10T05:13:16.670784,13.79083549,.0118257,66.7992,56.5353,227.4212,131.6836,0,U,81359,999,62595,.52443E-3,.491E-5,0
UNKNOWN,,2026-05-05T08:02:26.621376,13.45516289,.071655,65.8806,92.0878,11.7901,349.8966,0,U,81366,999,8527,.966E-3,.2765E-4,0
UNKNOWN,,2026-05-09T01:00:48.519936,14.71525910,.0067442,98.8159,242.4373,264.9691,94.3813,0,U,81371,999,66349,.32781E-3,.2046E-4,0
UNKNOWN,,2026-05-10T10:40:17.686560,14.37902113,.008895,71.0475,33.4450,209.5492,150.0601,0,U,81386,999,64560,.79244E-3,.2455E-4,0
UNKNOWN,,2026-05-03T15:57:04.578048,12.35590233,.0169426,103.1040,26.8156,257.9785,100.2238,0,U,81390,999,51762,-.14525E-2,-.244E-5,0
UNKNOWN,,2026-05-08T19:23:20.100192,13.82658010,.0039875,100.4034,137.0823,25.4184,153.0691,0,U,81392,999,62249,.23218E-2,.2486E-4,0
UNKNOWN,,2026-05-02T20:54:05.158656,13.89307835,.0160123,99.4527,178.2520,205.6018,153.7147,0,U,81405,999,58139,.10789E-2,.141E-4,0
UNKNOWN,,2026-04-23T12:44:36.521664,13.12649658,.0867559,65.8126,218.0116,261.6842,88.5033,0,U,81406,999,55097,.36449E-3,.862E-5,0
UNKNOWN,,2026-05-09T14:56:08.740032,14.07185909,.0084331,98.7339,11.9193,342.6088,17.2197,0,U,81427,999,57256,.29604E-3,.469E-5,0
UNKNOWN,,2026-05-05T03:06:53.972640,13.55504063,.0054426,100.3330,8.2203,77.3158,283.4054,0,U,81438,999,61136,.37932E-2,.2611E-4,0
UNKNOWN,,2026-05-10T11:35:25.497600,12.62691790,.0593751,67.1607,214.1937,111.4254,255.1148,0,U,81439,999,28067,-.50127E-3,-.23E-5,0
UNKNOWN,,2026-05-05T10:46:32.605536,15.43142664,.0019382,66.7847,282.2958,305.2032,54.7309,0,U,81449,999,65534,.11567E-1,.555906E-2,0
UNKNOWN,,2026-05-05T06:02:59.541792,14.29532782,.0143241,98.9520,45.9717,302.3508,211.9144,0,U,81478,999,64343,.15681E-2,.4431E-4,0
UNKNOWN,,2026-05-10T11:06:12.869280,13.56601637,.0044587,99.9831,10.2209,352.0492,183.9057,0,U,81488,999,61679,.51234E-3,.318E-5,0
UNKNOWN,,2026-05-10T00:40:06.773088,13.85301757,.0028927,100.2979,43.9527,355.5618,21.2173,0,U,81497,999,23682,.23304E-2,.2606E-4,0
UNKNOWN,,2026-05-10T05:13:46.667136,14.47987970,.0001664,74.0473,303.5435,51.0530,309.0777,0,U,81499,999,50390,.38724E-3,.1411E-4,0
UNKNOWN,,2026-05-10T00:06:26.302176,14.13796832,.0235576,98.1847,205.0084,79.6103,283.1531,0,U,81535,999,40834,.26161E-3,.607E-5,0
UNKNOWN,,2026-05-10T14:32:52.287936,12.56058359,.0030996,101.9666,358.4985,5.5988,19.6706,0,U,81536,999,57050,.27616E-2,.409E-5,0
UNKNOWN,,2026-05-09T19:47:53.429280,14.07193299,.0079269,71.0374,162.8540,288.5376,70.7142,0,U,81537,999,64129,.15129E-3,.214E-5,0
UNKNOWN,,2026-05-08T17:03:58.522464,13.18426083,.0257668,99.0700,40.2092,25.5046,335.8532,0,U,81552,999,59861,.16753E-2,.746E-5,0
UNKNOWN,,2026-05-09T19:29:48.070752,13.31628051,.0249366,67.2960,320.6115,337.4684,42.2050,0,U,81599,999,60479,.22802E-3,.67E-6,0
UNKNOWN,,2026-05-10T10:26:10.474080,12.81449171,.0145092,56.4342,152.3483,341.7183,17.8560,0,U,81605,999,20526,.43601E-2,.956E-5,0
UNKNOWN,,2026-05-10T10:53:05.528544,12.38795053,.0322213,101.8594,127.0219,222.5351,135.0337,0,U,81614,999,55638,.22389E-1,.3478E-4,0
UNKNOWN,,2026-05-10T04:58:00.892128,13.34702391,.0766119,65.8274,76.0051,66.9776,301.0171,0,U,81615,999,60267,.70393E-3,.1904E-4,0
UNKNOWN,,2026-05-07T22:12:33.389280,12.57653540,.0031133,101.2747,301.0884,306.5178,53.3032,0,U,81617,999,57148,.21304E-2,.316E-5,0
UNKNOWN,,2026-05-03T07:08:03.403104,14.73000409,.0056549,66.9737,135.1417,118.3383,242.3459,0,U,81624,999,66054,.69513E-3,.448E-4,0
UNKNOWN,,2026-05-10T10:40:17.153472,12.57326779,.0982862,65.8225,187.9001,16.9642,346.1891,0,U,81640,999,52877,.42193E-4,-.13E-6,0
UNKNOWN,,2026-05-05T17:34:51.760992,13.44583721,.0365666,102.1437,49.0755,37.5780,352.6040,0,U,81652,999,59800,.85654E-3,.688E-5,0
UNKNOWN,,2026-05-10T05:21:32.012352,14.48837321,.0013991,74.0377,118.4923,7.0591,353.0763,0,U,81667,999,47814,.39336E-3,.1461E-4,0
UNKNOWN,,2026-05-09T09:31:25.067424,14.10284050,.0019833,66.8235,352.3447,122.6898,54.7217,0,U,81674,999,63453,.57729E-3,.946E-5,0
UNKNOWN,,2026-05-09T23:41:33.189216,14.58436417,.0023186,81.2135,138.9042,198.3447,161.6917,0,U,81683,999,65746,.35119E-3,.1649E-4,0
UNKNOWN,,2026-05-07T14:24:17.159040,12.26241170,.0394273,101.1033,178.1474,167.3510,193.7794,0,U,81693,999,98564,.7571E-2,.1055E-4,0
UNKNOWN,,2026-05-10T12:03:20.830752,14.41115768,.0005664,71.0006,61.6838,321.0327,39.0400,0,U,81745,999,65117,.41736E-3,.1295E-4,0
UNKNOWN,,2026-05-10T12:44:51.283104,12.77656631,.0367374,99.6689,144.0744,244.4407,273.0189,0,U,81749,999,58100,.4575E-3,.96E-6,0
UNKNOWN,,2026-05-09T16:12:58.987872,14.42919154,.0017514,82.9174,101.4650,134.5351,225.7277,0,U,81775,999,64659,.12465E-2,.419E-4,0
UNKNOWN,,2026-05-04T09:03:18.792576,9.34410798,.1480664,54.4431,357.1296,173.8961,188.2239,0,U,81779,999,49364,.88877E+0,.14142E-3,0
UNKNOWN,,2026-05-10T09:09:25.939872,13.11491350,.0894125,65.8143,121.6764,216.8933,136.7285,0,U,81792,999,9952,-.18648E-3,-.636E-5,0
UNKNOWN,,2026-05-10T01:58:02.907840,12.38886044,.0328919,103.7843,65.8689,352.0631,7.5300,0,U,81812,999,55892,.64125E-2,.963E-5,0
UNKNOWN,,2026-05-10T13:35:32.454240,13.89899450,.0168402,66.2375,284.9492,161.1269,199.6151,0,U,81816,999,63002,.90015E-3,.1163E-4,0
UNKNOWN,,2026-05-09T11:59:33.228960,12.47935856,.0038731,102.1740,233.7514,194.4227,165.5737,0,U,81819,999,56644,.28981E-2,.383E-5,0
UNKNOWN,,2026-05-10T10:14:36.615552,14.37018805,.0047234,65.8417,290.7574,264.0061,95.5649,0,U,81824,999,64594,.92843E-3,.2701E-4,0
UNKNOWN,,2026-05-10T14:32:53.027520,12.93794612,.0027686,90.2459,6.2137,359.4605,0.6479,0,U,81833,999,47176,-.28265E-3,-.71E-6,0
UNKNOWN,,2026-05-09T17:23:06.211680,14.58976353,.0042845,67.7599,238.7670,232.1944,276.1710,0,U,81838,999,65490,.83134E-3,.3869E-4,0
UNKNOWN,,2026-05-05T12:45:02.194560,14.34675396,.0061934,82.9097,164.5806,73.0604,287.7362,0,U,81844,999,64349,.1672E-2,.4851E-4,0
UNKNOWN,,2026-05-10T06:44:34.727136,14.86017568,.0086568,97.6783,317.0650,174.9647,3.6973,0,U,81845,999,67157,.20081E-3,.1821E-4,0
UNKNOWN,,2026-05-07T03:37:37.572384,13.32917855,.0771235,65.6745,86.7821,310.5939,43.0393,0,U,81864,999,57021,.53817E-3,.1397E-4,0
UNKNOWN,,2026-05-10T09:20:02.254272,13.88415625,.006058,82.8024,273.8724,301.1078,87.3611,0,U,81865,999,62917,.861E-3,.1062E-4,0
UNKNOWN,,2026-05-09T17:47:17.114784,13.77036991,.0018776,100.0579,126.3598,247.4068,112.5094,0,U,81893,999,62444,.80121E-3,.743E-5,0
UNKNOWN,,2026-05-09T07:33:13.471200,13.20751742,.0175809,102.4137,262.7511,259.2824,98.8446,0,U,81899,999,59846,.47438E-2,.2033E-4,0
UNKNOWN,,2026-05-10T03:01:10.269984,13.15621287,.0844389,65.7069,76.1898,50.2778,316.9633,0,U,81921,999,4530,.63443E-3,.1512E-4,0
UNKNOWN,,2026-05-08T12:59:51.357696,12.42680336,.0679141,66.4141,230.1972,280.7336,90.6126,0,U,81946,999,56612,.20133E-2,.573E-5,0
UNKNOWN,,2026-05-09T05:26:09.518784,14.54332746,.0368164,66.0728,116.1695,49.6796,313.5864,0,U,81947,999,65245,.50682E-3,.5271E-4,0
UNKNOWN,,2026-05-09T01:24:25.155072,13.95894393,.0038575,66.5848,252.8869,338.2942,21.6501,0,U,81964,999,63460,.17431E-3,.161E-5,0
UNKNOWN,,2026-05-10T07:22:15.794400,15.14540052,.0004671,86.6820,88.7299,30.3618,329.7892,0,U,81969,999,46263,.32597E-3,.6038E-4,0
UNKNOWN,,2026-04-26T18:24:23.096736,14.05618302,.0512931,65.7446,130.2074,230.7180,124.7341,0,U,81995,999,62319,.85414E-3,.4566E-4,0
UNKNOWN,,2026-05-09T04:33:22.920768,14.33425142,.0228575,97.9492,270.7635,0.1457,359.9757,0,U,82043,999,59496,.26094E-3,.918E-5,0
UNKNOWN,,2026-05-05T11:47:09.531456,14.37643611,.009147,98.7399,218.2451,193.3523,166.5241,0,U,82051,999,59305,.18298E-2,.5724E-4,0
UNKNOWN,,2026-05-09T23:04:25.691808,14.39714264,.0205196,97.7324,196.9242,194.4046,165.1241,0,U,82073,999,59644,.43265E-3,.1691E-4,0
UNKNOWN,,2026-05-07T15:29:24.104832,14.16190326,.0079896,99.0087,202.2432,349.8783,10.0778,0,U,82139,999,50076,.94082E-3,.1875E-4,0
UNKNOWN,,2026-05-09T15:14:29.587488,13.54755460,.0043735,100.4663,67.6903,234.1917,125.5149,0,U,82162,999,52432,.39131E-2,.2651E-4,0
UNKNOWN,,2026-05-09T16:32:21.274368,14.56601359,.0284166,65.6522,228.2464,140.3119,221.9165,0,U,82180,999,62325,.14439E-2,.11113E-3,0
UNKNOWN,,2026-05-08T07:08:40.804800,14.35317456,.0017656,74.0325,139.5686,293.3138,66.6156,0,U,82189,999,65344,.77559E-4,.196E-5,0
UNKNOWN,,2026-05-09T05:53:44.356992,13.85948175,.0036613,82.9636,122.9906,340.9466,36.7504,0,U,82199,999,63012,.40101E-3,.478E-5,0
UNKNOWN,,2026-05-05T14:08:50.003232,13.94196406,.0499104,63.0061,196.6302,307.7675,47.9138,0,U,82205,999,62805,.48571E-3,.1709E-4,0
UNKNOWN,,2026-05-07T12:05:56.408640,14.12621320,.0067635,99.3113,24.1469,299.8180,59.6278,0,U,82223,999,46936,.98819E-3,.1822E-4,0
UNKNOWN,,2026-05-10T05:31:22.331712,14.14968680,.0070597,98.9053,40.2932,128.4352,23.8831,0,U,82250,999,63762,.10227E-2,.1983E-4,0
UNKNOWN,,2026-05-06T21:57:38.192832,12.33690175,.0755606,67.5247,297.7991,13.0469,348.8936,0,U,82272,999,28984,-.34912E-3,-.16E-5,0
UNKNOWN,,2026-05-10T00:27:52.054272,13.95442133,.0074359,81.9055,234.1553,219.0357,266.5005,0,U,82303,999,53504,.16999E-1,.2366E-3,0
UNKNOWN,,2026-05-10T13:57:51.782112,13.54738420,.0106418,99.4163,182.5702,291.4072,67.5740,0,U,82311,999,57047,.78928E-3,.518E-5,0
UNKNOWN,,2026-05-09T07:24:34.745472,13.15744310,.0450672,66.9373,237.9662,70.5422,294.3731,0,U,82363,999,30967,.18922E-3,.59E-6,0
UNKNOWN,,2026-05-10T07:16:16.088736,13.98254563,.0082147,98.8894,145.8655,288.2425,70.9811,0,U,82369,999,57793,.58618E-4,.43E-6,0
UNKNOWN,,2026-05-10T14:49:55.294176,14.88650648,.0009241,98.3869,8.2346,32.2866,327.8913,0,U,82381,999,53290,.13751E-2,.12792E-3,0
UNKNOWN,,2026-05-10T08:18:56.659104,15.05551009,.0007975,86.6571,91.2609,9.0779,351.0599,0,U,82402,999,47681,.2325E-3,.3379E-4,0
UNKNOWN,,2026-05-10T12:48:15.875712,14.59141137,.0056313,74.0068,56.6404,185.0482,175.0124,0,U,82432,999,50460,.19851E-3,.924E-5,0
UNKNOWN,,2026-05-10T05:46:25.286880,15.05774150,.0011185,85.8684,119.8528,78.5137,281.7353,0,U,82448,999,45937,.30443E-3,.4446E-4,0
UNKNOWN,,2026-05-09T08:25:22.303776,12.39716587,.0093359,102.2008,90.7646,295.3840,63.7581,0,U,82453,999,56435,.36935E-3,.4E-7,0
UNKNOWN,,2026-05-03T09:56:06.854208,14.23989453,.0062918,66.5151,174.0502,277.8082,81.5872,0,U,82458,999,63020,.89588E-3,.2017E-4,0
UNKNOWN,,2026-05-09T23:52:09.657408,13.55857420,.0044933,99.3433,148.9459,176.7567,183.3871,0,U,82484,999,61072,.14926E-3,.63E-6,0
UNKNOWN,,2026-05-08T07:35:31.353504,14.92045997,.0009619,74.0042,88.3718,209.6320,150.4319,0,U,82494,999,10678,.13875E-2,.14087E-3,0
UNKNOWN,,2026-05-10T01:38:15.396000,14.19619566,.0120606,70.9671,49.6050,248.3659,110.4584,0,U,82500,999,63999,.7709E-3,.1703E-4,0
UNKNOWN,,2026-05-10T01:18:49.330368,14.36585864,.0131589,73.2799,256.9056,18.9535,95.6697,0,U,82524,999,59832,.95931E-3,.3082E-4,0
UNKNOWN,,2026-05-10T11:41:42.473760,13.41317068,.0240324,99.7789,214.1208,237.0840,141.7533,0,U,82529,999,60968,.19919E-2,.1267E-4,0
UNKNOWN,,2026-05-04T20:24:40.843872,13.91053906,.0009611,100.0008,83.1299,298.2156,91.4318,0,U,82560,999,63176,.78309E-3,.933E-5,0
UNKNOWN,,2026-05-07T16:27:40.163328,14.36331802,.0094953,66.7678,123.4941,205.6744,153.9629,0,U,82597,999,64993,.34243E-3,.967E-5,0
UNKNOWN,,2026-05-10T12:45:43.665696,14.49621356,.0039006,74.0270,324.3020,231.5846,128.1810,0,U,82617,999,65838,.9521E-4,.341E-5,0
UNKNOWN,,2026-05-05T00:37:34.201056,13.16514488,.0019128,82.4752,146.4561,108.4511,281.5224,0,U,82627,999,59768,.13783E-2,.539E-5,0
UNKNOWN,,2026-05-10T11:56:32.815392,14.07845945,.0133567,98.9732,45.0924,179.9875,180.1319,0,U,82642,999,63706,.49834E-3,.873E-5,0
UNKNOWN,,2026-05-10T09:37:13.122048,14.20534489,.0208414,98.1511,193.0813,320.6787,37.9412,0,U,82683,999,48337,.21127E-3,.521E-5,0
UNKNOWN,,2026-05-10T09:37:44.994144,13.70335221,.0044294,100.5276,112.6662,17.0912,343.1711,0,U,82693,999,57411,.20502E-2,.1772E-4,0
UNKNOWN,,2026-05-03T00:32:26.626560,13.29977827,.0692786,61.6064,131.8924,342.0456,15.7132,0,U,82698,999,55716,.10091E-2,.1721E-4,0
UNKNOWN,,2026-05-07T10:28:41.671488,12.90845211,.0067714,102.1560,349.6779,352.0016,7.9991,0,U,82708,999,54231,.31763E-2,.796E-5,0
UNKNOWN,,2026-05-10T01:21:47.833632,12.17910685,.0832981,67.9687,249.3788,269.4154,81.1448,0,U,82729,999,55326,.4204E-2,.1229E-4,0
UNKNOWN,,2026-05-07T09:41:47.471424,13.83070684,.0169669,99.1019,283.8669,262.8100,125.7002,0,U,82739,999,62624,.93609E-3,.11E-4,0
UNKNOWN,,2026-05-10T11:36:48.573792,13.66696781,.0194841,102.8414,218.8667,291.9695,66.0833,0,U,82741,999,61739,.21073E-2,.1927E-4,0
UNKNOWN,,2026-05-07T11:14:51.404064,13.09199546,.0026003,90.3492,42.8563,72.9130,287.4842,0,U,82783,999,52342,.22092E-2,.767E-5,0
UNKNOWN,,2026-05-08T14:40:51.985920,14.23585113,.0032344,82.9486,74.0115,83.7822,94.6780,0,U,82798,999,33326,.71429E-3,.1652E-4,0
UNKNOWN,,2026-05-07T18:20:21.271776,14.36061287,.0046981,99.7970,313.1037,319.4822,40.2865,0,U,82820,999,64658,.68818E-3,.1972E-4,0
UNKNOWN,,2026-05-10T17:53:57.571008,13.88359528,.0128709,82.6878,307.6799,218.2795,140.9180,0,U,82854,999,62847,.78846E-3,.1023E-4,0
UNKNOWN,,2026-05-08T23:40:21.972288,14.25554018,.0036393,99.9939,48.4164,234.3813,125.3970,0,U,82873,999,64220,.99858E-3,.2324E-4,0
UNKNOWN,,2026-05-01T04:08:06.563616,14.15418904,.037605,98.6916,106.2490,242.9440,113.2897,0,U,82875,999,56419,.10943E-3,.366E-5,0
UNKNOWN,,2026-05-09T06:43:33.029760,14.34256334,.0020103,98.9647,254.4436,333.5908,26.4249,0,U,82893,999,44510,.18981E-2,.5294E-4,0
UNKNOWN,,2026-05-07T13:48:39.083040,13.28727945,.076802,65.8357,197.9059,202.5951,153.9521,0,U,82912,999,59869,.10464E-2,.2475E-4,0
UNKNOWN,,2026-05-07T05:12:48.078432,13.27031243,.0366858,99.7931,279.2240,24.3622,337.4364,0,U,82961,999,57498,.50099E-2,.3184E-4,0
UNKNOWN,,2026-05-05T17:01:30.025920,13.60331309,.0003826,100.1067,214.8758,129.6972,230.4504,0,U,82965,999,54402,.12116E-2,.861E-5,0
UNKNOWN,,2026-05-10T12:13:22.654272,0.99115414,.0122218,5.8181,289.3653,255.2072,69.9692,0,U,83903,999,4513,0,.21E-6,0
UNKNOWN,,2026-05-10T12:27:36.289728,1.02664430,.0222844,5.4505,296.5954,275.5934,94.8611,0,U,83934,999,4681,0,-.241E-5,0
UNKNOWN,,2026-05-08T16:17:04.551360,2.16230047,.6168501,22.4521,147.3780,112.2867,321.7574,0,U,84006,999,8740,0,.14E-6,0
UNKNOWN,,2026-05-07T23:48:04.580352,8.35129641,.337224,65.0599,120.4499,0.6776,359.7255,0,U,84188,999,5294,.19167E+0,.529231E-2,0
UNKNOWN,,2026-05-09T02:11:28.741632,3.27885761,.6504455,20.2694,187.6968,220.6239,66.0326,0,U,84232,999,10942,.22177E-1,.48397E-3,0
UNKNOWN,,2026-05-09T09:45:25.011072,2.62812140,.6893726,9.1120,268.5926,225.3187,52.2521,0,U,84236,999,11786,.61552E-2,.107E-4,0
UNKNOWN,,2026-05-07T03:45:59.637600,6.22612368,.4546923,23.8637,318.8763,230.4209,79.7295,0,U,84292,999,23712,.98908E-3,.1529E-4,0
UNKNOWN,,2026-05-07T04:02:21.863040,12.67560092,.0048757,101.7282,278.2480,116.1679,67.9590,0,U,84406,999,6771,.21195E-2,.363E-5,0
UNKNOWN,,2026-05-09T02:38:53.646432,2.05832560,.7229892,19.3542,279.0484,141.4284,303.2802,0,U,84407,999,7890,.32248E-1,.396E-5,0
UNKNOWN,,2026-05-04T04:14:46.345056,2.19856546,.7128566,18.0823,110.1809,110.4435,334.8668,0,U,84575,999,6859,.14266E-2,-.59E-6,0
UNKNOWN,,2026-05-10T12:59:28.438368,3.00205685,.6570963,2.0471,156.3486,223.7104,162.9773,0,U,84932,999,13625,.16834E-2,.125E-5,0
UNKNOWN,,2026-05-08T09:47:40.191648,14.41474961,.0048103,98.4413,102.4941,81.6135,69.8730,0,U,85004,999,65202,.26179E-3,.818E-5,0
UNKNOWN,,2026-05-08T13:38:50.720640,13.75389419,.0024073,99.2399,350.9680,227.2616,162.7195,0,U,85010,999,62410,.92312E-3,.846E-5,0
UNKNOWN,,2026-05-10T05:17:06.977760,14.62481576,.0015102,74.0476,114.0234,337.2014,22.8481,0,U,85015,999,66431,.78578E-4,.368E-5,0
UNKNOWN,,2026-05-10T15:25:53.376960,14.83486549,.0004114,99.8356,184.2383,170.4930,340.3037,0,U,85023,999,65084,.17807E-2,.14599E-3,0
UNKNOWN,,2026-05-07T08:16:58.002528,13.74309730,.0166655,66.0398,104.9461,111.4221,250.4713,0,U,85027,999,62462,.15676E-3,.85E-6,0
UNKNOWN,,2026-05-09T23:11:22.799904,13.48085145,.0139125,102.1662,131.7046,55.1615,306.2504,0,U,85047,999,59660,.13292E-1,.8656E-4,0
UNKNOWN,,2026-05-09T23:07:28.396704,12.78108942,.025171,102.4073,132.4994,258.5343,128.7870,0,U,85061,999,57471,.10151E-1,.2516E-4,0
UNKNOWN,,2026-05-07T06:42:17.707104,14.40837514,.0012062,74.0451,313.6907,149.2974,23.9677,0,U,85100,999,65430,.91954E-4,.268E-5,0
UNKNOWN,,2026-05-10T13:37:16.838400,13.73111740,.0009162,100.0607,243.7689,358.6865,19.9251,0,U,85106,999,62349,.55507E-3,.465E-5,0
UNKNOWN,,2026-05-09T14:23:25.424448,14.85658949,.0009344,98.3945,5.9561,35.6117,324.5718,0,U,85151,999,50143,.15897E-2,.1375E-3,0
UNKNOWN,,2026-05-10T04:18:17.639712,13.71731566,.0214222,99.8706,280.3145,294.3131,242.4056,0,U,85210,999,62250,.56184E-3,.549E-5,0
UNKNOWN,,2026-05-10T01:03:48.429792,14.37991687,.0206443,98.0222,219.7548,40.3050,321.3235,0,U,85217,999,64916,.27543E-3,.1021E-4,0
UNKNOWN,,2026-05-10T12:22:35.383584,14.02690105,.0519351,65.5271,183.8028,320.1561,36.2433,0,U,85237,999,62920,.49646E-3,.2466E-4,0
UNKNOWN,,2026-05-10T01:32:51.897120,13.88370495,.0063629,99.0725,60.0897,158.7788,218.9927,0,U,85238,999,63142,.44773E-4,.12E-6,0
UNKNOWN,,2026-05-10T06:09:50.010048,14.21988971,.0220794,97.9922,124.9246,225.4991,132.7959,0,U,85246,999,64417,.21779E-3,.574E-5,0
UNKNOWN,,2026-05-10T00:46:25.082400,14.00741190,.0052425,100.4213,191.6838,205.5444,273.4693,0,U,85373,999,63288,.12003E-2,.1756E-4,0
UNKNOWN,,2026-04-27T07:12:59.999616,2.51857907,.1645252,54.9033,209.3556,271.1559,152.0193,0,U,85431,999,1,0,-.2E-6,0
UNKNOWN,,2026-05-07T03:29:59.999712,2.00599881,.000262,54.9920,209.4130,267.5690,175.2310,0,U,85434,999,1,0,.7E-7,0
UNKNOWN,,2026-05-10T10:32:01.264992,13.52630438,.0043268,100.4763,107.9770,240.9494,273.3642,0,U,87014,999,61101,.26641E-2,.1728E-4,0
UNKNOWN,,2026-05-09T13:06:11.325888,14.04828041,.0081907,98.7359,164.4871,194.1916,165.6951,0,U,87029,999,61375,.3827E-3,.591E-5,0
UNKNOWN,,2026-05-10T01:33:35.232768,14.07367942,.0043789,98.6927,172.8244,38.8835,321.5470,0,U,87042,999,57482,.31006E-3,.484E-5,0
UNKNOWN,,2026-05-09T08:47:56.592672,13.46541550,.0708057,65.7297,262.2538,73.5619,294.2004,0,U,87051,999,60845,.39878E-3,.1068E-4,0
UNKNOWN,,2026-05-10T04:04:23.717280,14.11730588,.0011768,100.0862,32.8230,313.7992,46.2201,0,U,87054,999,63726,.11943E-2,.2123E-4,0
UNKNOWN,,2026-05-10T10:46:15.292704,13.86958116,.0473604,61.2192,189.3205,312.2732,43.9032,0,U,87071,999,62310,.66479E-3,.177E-4,0
UNKNOWN,,2026-05-10T04:43:08.953824,12.42886745,.0036731,102.2578,227.9074,168.0678,192.1264,0,U,87129,999,56511,.13094E-2,.136E-5,0
UNKNOWN,,2026-05-01T13:55:34.626432,13.66433147,.0100597,90.3508,74.4410,200.4974,159.2138,0,U,87159,999,57578,.11133E-2,.963E-5,0
UNKNOWN,,2026-05-06T07:55:32.519136,13.64857804,.0649224,65.5992,239.3599,0.1987,359.9208,0,U,87163,999,59724,.36558E-3,.1192E-4,0
UNKNOWN,,2026-05-10T01:50:09.645792,14.59902391,.0111535,65.2029,256.3369,348.4749,11.3799,0,U,87164,999,65741,.39221E-3,.1927E-4,0
UNKNOWN,,2026-05-10T13:35:05.275392,14.30048876,.0043724,98.5252,353.3925,246.5638,113.0945,0,U,87204,999,64670,.51851E-3,.1309E-4,0
UNKNOWN,,2026-05-10T07:38:48.075072,14.47615722,.0053891,99.0842,145.9481,77.9197,297.4437,0,U,87211,999,72926,.55578E-3,.2033E-4,0
UNKNOWN,,2026-05-08T07:56:57.568704,13.84474504,.0068023,100.3262,146.4413,235.6441,123.8263,0,U,87214,999,62052,.10624E-2,.1159E-4,0
UNKNOWN,,2026-05-10T09:43:05.412000,13.91890259,.0102334,99.2319,190.4111,241.6469,134.0712,0,U,87237,999,63244,.21366E-3,.239E-5,0
UNKNOWN,,2026-05-09T22:47:26.957184,14.54940511,.0017735,82.8721,316.6631,289.3519,70.5764,0,U,87239,999,64940,.12309E-2,.5322E-4,0
UNKNOWN,,2026-05-10T10:09:56.395296,14.17413485,.0425789,65.6422,9.6735,46.6404,131.9112,0,U,87245,999,63526,.73283E-3,.3552E-4,0
UNKNOWN,,2026-05-10T13:37:21.285408,14.23912579,.0422841,65.7528,195.4658,355.3482,4.3723,0,U,87271,999,63354,.51613E-3,.2902E-4,0
UNKNOWN,,2026-05-10T06:41:10.952736,13.48697548,.0124739,64.6159,227.9542,231.0309,127.9565,0,U,87280,999,55388,.61024E-3,.316E-5,0
UNKNOWN,,2026-05-10T08:24:21.833280,14.20278783,.0428572,65.8947,109.4280,279.8305,75.4658,0,U,87293,999,63508,.56499E-3,.2965E-4,0
UNKNOWN,,2026-05-10T11:19:11.005824,13.99953243,.002326,100.0953,133.0822,251.5254,108.3379,0,U,87300,999,63392,.53881E-3,.741E-5,0
UNKNOWN,,2026-05-10T10:39:15.348096,14.76029606,.0018142,74.0196,29.6948,317.3070,42.6694,0,U,87304,999,66841,.11963E-3,.792E-5,0
UNKNOWN,,2026-05-09T21:20:02.121216,13.70640952,.0425465,66.5929,90.6747,320.0966,36.9523,0,U,87320,999,61404,.84679E-3,.1354E-4,0
UNKNOWN,,2026-05-10T09:26:14.972640,14.12769535,.0072695,90.0004,271.7440,134.5351,226.1805,0,U,87334,999,40759,.65788E-2,.12544E-3,0
UNKNOWN,,2026-05-10T09:00:47.813760,14.13123165,.0088479,89.9857,267.8424,115.4272,245.6104,0,U,87335,999,40792,.66853E-2,.1299E-3,0
UNKNOWN,,2026-05-09T22:21:51.395904,13.96984426,.0056902,82.7500,303.1548,264.4165,95.0512,0,U,87405,999,63184,.43682E-3,.632E-5,0
UNKNOWN,,2026-05-08T21:21:10.056672,14.31134203,.0064984,65.7836,295.0578,226.1759,283.6918,0,U,87426,999,64363,.1321E-2,.3481E-4,0
UNKNOWN,,2026-05-06T02:29:13.103232,13.91038604,.0061518,100.4455,355.4613,189.0064,170.9992,0,U,87448,999,62930,.91983E-3,.1118E-4,0
UNKNOWN,,2026-04-27T15:48:29.239200,14.15802652,.0511259,65.7669,89.3389,295.6738,59.2388,0,U,87456,999,63072,.11991E-2,.861E-4,0
UNKNOWN,,2026-05-10T00:39:35.676864,13.62449288,.0671157,65.8250,231.1050,235.7945,308.0806,0,U,87517,999,61310,.74828E-3,.2674E-4,0
UNKNOWN,,2026-05-10T01:36:06.798240,13.35639444,.0058892,99.6879,341.4546,263.5355,251.4840,0,U,87541,999,60183,.30428E-3,.114E-5,0
UNKNOWN,,2026-05-10T08:48:21.100896,13.54342330,.0685046,65.6701,355.9441,161.2789,201.4857,0,U,87553,999,61137,.4516E-3,.1345E-4,0
UNKNOWN,,2026-05-08T21:54:02.199744,13.29110183,.0080369,101.8035,9.1864,48.2453,312.5496,0,U,87557,999,58457,.90152E-2,.4178E-4,0
UNKNOWN,,2026-05-10T15:20:57.380928,12.32157017,.0173632,101.9854,188.9179,20.7949,131.9937,0,U,87561,999,56077,-.71283E-3,-.134E-5,0
UNKNOWN,,2026-05-08T05:42:06.425568,14.06391923,.0172563,99.9494,139.2904,133.9547,227.6001,0,U,87565,999,63702,.57456E-3,.1035E-4,0
UNKNOWN,,2026-05-10T07:40:54.682176,12.68546591,.0055344,101.9966,318.4288,322.1624,220.1990,0,U,87569,999,57730,.66208E-4,-.36E-6,0
UNKNOWN,,2026-05-08T10:28:45.174144,14.40143304,.0020586,74.0242,191.5989,195.6746,164.3774,0,U,87587,999,65492,.4533E-4,.117E-5,0
UNKNOWN,,2026-05-10T06:09:48.314016,12.47033817,.0625089,66.0359,216.4844,75.0680,322.5702,0,U,87616,999,55475,-.22774E-2,-.728E-5,0
UNKNOWN,,2026-05-10T14:44:57.042240,14.71877297,.0095638,98.6956,82.8991,141.5315,219.2759,0,U,87624,999,60216,.37356E-3,.245E-4,0
UNKNOWN,,2026-05-08T20:29:19.326624,14.65257257,.0029019,100.2647,344.9784,207.8855,152.0787,0,U,87650,999,10128,.13482E-2,.7247E-4,0
UNKNOWN,,2026-05-08T12:12:45.371808,14.28537915,.0054981,70.8580,49.3882,47.9045,312.6739,0,U,87672,999,64541,.64013E-3,.1582E-4,0
UNKNOWN,,2026-05-10T08:28:35.781888,13.71437560,.0147787,66.7355,106.5708,59.8957,301.6668,0,U,87681,999,62221,.79152E-3,.697E-5,0
UNKNOWN,,2026-05-10T06:49:34.752000,14.02360322,.0583709,65.7931,327.1543,331.6647,25.3782,0,U,87690,999,62819,.25832E-3,.1742E-4,0
UNKNOWN,,2026-05-10T09:07:57.355680,14.65728916,.0103186,98.6743,327.1164,165.8034,315.6682,0,U,87706,999,60028,.40994E-3,.2356E-4,0
UNKNOWN,,2026-05-10T09:31:11.593344,15.20257280,.0004266,82.8601,117.9042,173.3543,186.7750,0,U,87725,999,65632,.31496E-2,.68921E-3,0
UNKNOWN,,2026-05-05T06:49:42.362112,13.74530516,.0029064,82.9422,127.9151,326.3886,33.5425,0,U,87730,999,60505,.74829E-4,.86E-6,0
UNKNOWN,,2026-05-08T09:20:45.979584,13.72365925,.0133264,99.3548,1.8665,166.9086,193.5576,0,U,87737,999,62397,.56845E-4,.12E-6,0
UNKNOWN,,2026-05-09T09:28:43.879584,14.37490136,.0361962,65.6713,115.1249,359.8139,148.3611,0,U,87764,999,64032,.22229E-2,.14245E-3,0
UNKNOWN,,2026-05-10T12:35:36.423168,13.19558709,.0120019,100.7373,334.8901,25.4041,335.2908,0,U,87771,999,55471,.26123E-3,.61E-6,0
UNKNOWN,,2026-05-09T15:45:00.153792,13.01309111,.0048363,102.3920,26.1938,304.4172,55.2358,0,U,87782,999,58722,.55855E-2,.1667E-4,0
UNKNOWN,,2026-05-10T12:32:24.462240,13.17109971,.0230645,99.6580,237.1714,17.4012,343.4845,0,U,87843,999,58374,.15873E-2,.662E-5,0
UNKNOWN,,2026-05-10T01:33:01.861632,12.89645400,.057503,98.8699,63.6409,272.3018,81.2392,0,U,87845,999,58432,.21009E-2,.1102E-4,0
UNKNOWN,,2026-05-07T14:58:46.288704,14.41868001,.0035384,99.1700,262.5639,194.7527,165.2631,0,U,87878,999,63231,.74193E-3,.2396E-4,0
UNKNOWN,,2026-05-10T12:22:54.060672,14.06089793,.015379,98.7364,234.1504,10.0577,350.3610,0,U,87884,999,63927,.92883E-4,.127E-5,0
UNKNOWN,,2026-05-09T22:21:39.458880,12.35378885,.0880728,28.6233,357.2546,328.8855,26.2275,0,U,87991,999,54133,-.90188E-2,-.4302E-4,0
UNKNOWN,,2026-04-27T18:05:48.056352,14.36297217,.0015001,74.0442,124.9575,155.0905,205.0976,0,U,89003,999,65107,.88476E-4,.233E-5,0
UNKNOWN,,2026-05-09T22:50:31.651872,14.46550024,.0187711,97.8438,313.1246,295.1988,62.9846,0,U,89005,999,55551,.24573E-3,.1053E-4,0
UNKNOWN,,2026-05-01T13:12:42.953760,14.96255170,.0020721,98.0416,29.4693,217.9364,142.0398,0,U,89029,999,67197,.56475E-3,.6343E-4,0
UNKNOWN,,2026-05-04T13:38:43.981440,13.04051153,.0147138,100.4781,61.8292,149.4013,211.5777,0,U,89101,999,57346,.74197E-3,.207E-5,0
UNKNOWN,,2026-05-10T13:55:24.812256,8.88082192,.292371,63.4145,237.2220,319.6998,21.9636,0,U,89132,999,33832,.7416E-3,.53E-5,0
UNKNOWN,,2026-05-10T00:59:14.217792,14.64508149,.0090062,98.2568,63.9958,311.6206,47.7306,0,U,89146,999,65057,.4481E-3,.2465E-4,0
UNKNOWN,,2026-05-10T07:37:24.080448,13.73751570,.0034002,82.9206,158.9785,89.4966,271.0085,0,U,89177,999,8322,.54072E-4,.66E-6,0
UNKNOWN,,2026-05-10T05:03:07.623360,13.81770421,.0130946,99.2162,42.9030,120.9682,240.4414,0,U,89183,999,62747,.39353E-3,.407E-5,0
UNKNOWN,,2026-05-10T14:48:12.475584,14.89398003,.0009855,98.3799,8.2013,23.4875,336.6788,0,U,89184,999,51427,.15135E-2,.14353E-3,0
UNKNOWN,,2026-05-10T02:13:22.817280,13.91759572,.0228629,98.7620,0.3463,79.1175,283.5621,0,U,89213,999,47330,.20862E-3,.289E-5,0
UNKNOWN,,2026-05-10T12:09:14.304384,9.28500481,.2805142,62.4751,168.2792,114.6422,277.0914,0,U,89251,999,38697,.20464E-2,.3243E-4,0
UNKNOWN,,2026-05-09T16:44:47.411808,14.43433511,.0014292,98.1640,122.9130,71.7394,288.5351,0,U,89261,999,55515,.18026E-3,.568E-5,0
UNKNOWN,,2026-05-09T06:33:18.340416,9.14135329,.2869127,84.1793,63.6476,153.1308,359.0115,0,U,89304,999,45181,.20827E-1,.29974E-3,0
UNKNOWN,,2026-05-10T10:11:42.526464,12.96314133,.0027876,90.2505,10.7243,235.3787,124.4704,0,U,89349,999,49801,.17546E-2,.509E-5,0
UNKNOWN,,2026-05-10T07:35:42.436032,13.63939404,.0051238,100.4706,161.7468,121.3255,239.2914,0,U,89379,999,60102,.19532E-2,.1517E-4,0
UNKNOWN,,2026-05-10T08:53:53.772000,12.01543695,.0222026,102.3835,95.4388,232.7153,293.0949,0,U,89395,999,54259,.15268E-2,.92E-6,0
UNKNOWN,,2026-05-07T09:59:01.719168,12.98923112,.002453,90.2570,9.1510,200.8724,340.2105,0,U,89403,999,49673,-.28666E-2,-.843E-5,0
UNKNOWN,,2026-05-09T08:58:35.201856,9.56664275,.2763851,83.8556,109.9679,185.1263,171.4640,0,U,89484,999,36917,.34848E-1,.147264E-2,0
UNKNOWN,,2026-05-10T04:15:03.161088,14.17120047,.0078686,99.0122,206.0699,339.3086,20.4907,0,U,89493,999,48496,.6909E-3,.1388E-4,0
UNKNOWN,,2026-05-06T22:04:42.283776,14.17042104,.0079368,99.0124,202.6322,349.0027,10.9409,0,U,89494,999,48435,.96048E-3,.1946E-4,0
UNKNOWN,,2026-05-09T20:11:44.304000,12.96177077,.00290901,90.2269,347.0282,217.6282,142.2803,0,U,270000,999,30512,.61104468E-3,.182E-5,0
UNKNOWN,,2026-05-01T13:09:43.934688,12.45710958,.004236,101.8240,232.1539,309.8691,49.8655,0,U,270001,999,29234,.71922934E-3,.59E-6,0
UNKNOWN,,2026-05-07T19:58:21.856224,13.06964630,.05024847,99.6455,157.4137,260.6362,93.7623,0,U,270003,999,30642,.30110351E-2,.1808E-4,0
UNKNOWN,,2026-05-05T15:52:49.244448,12.23891390,.01635143,101.7215,265.6829,257.0746,101.2003,0,U,270004,999,28778,.11872777E-2,.93E-6,0
UNKNOWN,,2026-05-03T06:39:26.178912,12.17036576,.03552083,103.0608,321.6964,287.3624,68.8872,0,U,270005,999,28483,.19122413E-1,.2275E-4,0
UNKNOWN,,2026-05-10T04:42:09.695520,12.38826836,.00940191,102.2786,98.0721,0.5529,359.5623,0,U,270006,999,29187,.18958282E-3,-.21E-6,0
UNKNOWN,,2026-05-01T07:20:43.094112,12.91564376,.05634667,31.9904,138.1180,208.9255,147.8968,0,U,270007,999,30361,.230646E-4,.46E-6,0
UNKNOWN,,2026-05-08T10:22:18.319008,12.97637079,.00329731,90.2767,27.0840,165.0856,195.1245,0,U,270008,999,30530,-.15896669E-2,-.456E-5,0
UNKNOWN,,2026-05-09T05:44:26.901600,11.90748540,.00540567,82.4978,125.5082,152.2999,208.0948,0,U,270009,999,28037,.47204504E-3,.43E-6,0
UNKNOWN,,2026-05-07T19:38:07.122336,12.81591141,.03647802,103.9120,166.7811,216.5712,140.9949,0,U,270010,999,29906,.22852405E-1,.6993E-4,0
UNKNOWN,,2026-05-10T07:04:03.430560,13.61766873,.00860843,100.9192,77.1482,16.1788,344.2067,0,U,270011,999,31160,.70549139E-2,.5502E-4,0
UNKNOWN,,2026-05-08T08:53:41.544672,12.97092188,.00332587,90.2332,358.3854,176.6397,183.4953,0,U,270012,999,30518,.20015738E-4,.13E-6,0
UNKNOWN,,2026-05-03T14:53:13.286688,12.16575387,.01545534,102.6971,91.7113,318.8623,40.0858,0,U,270013,999,28579,.58834274E-3,.15E-6,0
UNKNOWN,,2026-05-04T16:58:03.874656,12.55089742,.00656935,101.8648,109.5774,123.0872,237.6530,0,U,270014,999,29486,.64787775E-3,.61E-6,0
UNKNOWN,,2026-05-09T21:08:00.735648,13.04762289,.00270412,90.1432,357.1489,277.9810,81.8246,0,U,270015,999,30707,-.11656509E-2,-.368E-5,0
UNKNOWN,,2026-05-07T11:49:05.051712,13.82188704,.02307886,98.7051,210.4665,157.3518,203.8022,0,U,270016,999,32406,.93043018E-3,.1191E-4,0
UNKNOWN,,2026-05-09T23:30:25.190208,13.02460217,.00377635,90.2896,23.3818,5.2979,354.8537,0,U,270017,999,30645,.2518572E-2,.795E-5,0
UNKNOWN,,2026-05-06T01:48:30.992544,14.09302356,.00606458,99.8086,246.5455,105.2485,255.5398,0,U,270018,999,32871,.22282052E-2,.3898E-4,0
UNKNOWN,,2026-05-02T09:07:19.013952,12.95881854,.00492065,90.2538,9.6204,304.1327,55.5131,0,U,270019,999,30399,.12902431E-2,.375E-5,0
UNKNOWN,,2026-05-06T11:39:28.042272,13.96709354,.0019149,82.5368,48.1781,113.7388,246.5791,0,U,270020,999,32716,.84105497E-3,.1183E-4,0
UNKNOWN,,2026-05-04T15:19:41.981376,12.65925303,.0064179,82.7139,94.1930,108.0113,252.7988,0,U,270021,999,29714,.16847698E-2,.33E-5,0
UNKNOWN,,2026-05-10T06:16:44.631552,12.66287993,.0565612,100.1394,329.3981,120.6508,245.1590,0,U,270022,999,29452,.56838325E-2,.1982E-4,0
UNKNOWN,,2026-04-15T16:41:09.022848,12.45759147,.00262277,73.6368,91.0891,240.2311,119.6127,0,U,270023,999,29015,.13608721E-2,.178E-5,0
UNKNOWN,,2026-05-08T10:33:17.264160,12.62482615,.00010093,51.9800,39.1691,49.8680,310.2275,0,U,270024,999,29744,.43728242E-4,-.96E-6,0
UNKNOWN,,2026-05-09T15:35:01.010400,14.22651946,.00759175,98.6066,90.4702,6.5942,353.6217,0,U,270025,999,33377,.41850563E-3,.921E-5,0
UNKNOWN,,2026-05-04T13:12:27.504576,11.92288643,.03871554,103.3475,244.9503,79.6942,284.7493,0,U,270026,999,27986,.87362354E-3,.35E-6,0
UNKNOWN,,2026-05-08T07:40:43.768128,11.80675244,.04894088,100.9324,349.0775,251.0798,103.6589,0,U,270027,999,27725,.95059634E-2,.803E-5,0
UNKNOWN,,2026-05-09T23:38:33.604224,13.96926532,.00106991,82.5221,38.7048,20.6804,339.4795,0,U,270029,999,32757,.172137E-2,.2412E-4,0
UNKNOWN,,2026-04-12T12:21:29.455200,13.02148308,.00384619,90.2715,20.0053,97.9896,262.5595,0,U,270030,999,30278,.28285827E-2,.888E-5,0
UNKNOWN,,2026-05-09T10:09:58.143168,13.00263467,.00111326,90.2648,20.0151,66.2887,293.9402,0,U,270031,999,30566,-.96897561E-3,-.285E-5,0
UNKNOWN,,2026-04-20T21:41:42.861120,11.80875891,.02472129,81.3006,184.2856,290.5435,66.9238,0,U,270032,999,27570,.36426563E-1,.2534E-4,0
UNKNOWN,,2026-05-04T16:26:24.371520,13.72309831,.05749078,81.9647,116.1596,54.8512,310.5123,0,U,270033,999,32163,.50358814E-3,.1559E-4,0
UNKNOWN,,2026-05-09T23:33:14.859936,13.27253688,.061906,99.3469,35.1566,285.4379,67.9216,0,U,270034,999,9824,.11976271E-2,.1496E-4,0
UNKNOWN,,2026-05-09T10:12:18.158688,14.00791455,.00894248,82.4436,190.8717,240.3491,118.8752,0,U,270035,999,32801,.13223239E-2,.2056E-4,0
UNKNOWN,,2026-04-19T09:37:00.859296,13.76278008,.01087795,100.3730,313.2177,150.9021,209.8246,0,U,270036,999,32053,.3829335E-3,.339E-5,0
UNKNOWN,,2026-05-10T02:27:29.157984,12.82853788,.02520036,102.7982,259.3884,126.5603,235.8961,0,U,270038,999,29940,.17157695E-1,.46E-4,0
UNKNOWN,,2026-05-04T04:06:38.868480,14.05136782,.00107516,82.5514,281.6176,319.7136,40.3239,0,U,270039,999,32872,.37484247E-3,.62E-5,0
UNKNOWN,,2026-05-09T19:56:38.821632,12.53366261,.00255653,101.3819,169.4689,294.2854,65.5550,0,U,270040,999,29506,.17720047E-3,-.15E-6,0
UNKNOWN,,2026-04-29T13:37:29.980704,13.96728515,.02169415,98.4944,222.4289,351.6007,8.1549,0,U,270041,999,32627,.67744388E-3,.1107E-4,0
UNKNOWN,,2026-05-09T21:21:33.328512,12.26209350,.01354821,74.0246,347.6801,303.2561,55.5554,0,U,270042,999,28880,-.12524221E-3,-.3E-6,0
UNKNOWN,,2026-05-07T09:12:29.600352,13.92799392,.02458543,98.9001,181.9639,264.0494,93.2600,0,U,270043,999,32580,.12045619E-2,.1955E-4,0
UNKNOWN,,2026-05-09T21:44:34.012608,13.00703638,.00173024,90.2582,12.6467,341.6164,18.4331,0,U,270044,999,30583,.21221719E-2,.653E-5,0
UNKNOWN,,2026-05-01T23:08:00.121920,12.96429263,.00365514,90.2559,12.4196,256.3042,103.4008,0,U,270045,999,30416,-.48994608E-3,-.133E-5,0
UNKNOWN,,2026-05-07T11:13:24.409632,12.62590681,.00593941,73.9949,207.9430,248.3197,111.1529,0,U,270046,999,29684,.41691445E-3,.58E-6,0
UNKNOWN,,2026-05-08T09:19:00.127488,13.77889658,.00308584,82.9700,166.4091,331.1912,28.7541,0,U,270053,999,32377,.30839105E-3,.325E-5,0
UNKNOWN,,2026-05-07T21:11:22.078752,12.98341383,.00301041,90.2125,346.7874,119.6637,240.7488,0,U,270054,999,30528,.68138713E-3,.208E-5,0
UNKNOWN,,2026-04-26T02:57:55.445760,12.99280948,.00329138,90.2542,3.9101,129.8712,230.5312,0,U,270055,999,30405,-.43017636E-2,-.1276E-4,0
UNKNOWN,,2026-05-09T00:32:02.145984,12.46272554,.00887496,101.5859,224.1263,214.8153,144.7088,0,U,270056,999,29330,.2303094E-2,.295E-5,0
UNKNOWN,,2026-04-24T23:54:24.190848,12.96229301,.00450455,90.2569,12.1110,294.6130,65.0301,0,U,270057,999,30325,.2047824E-2,.593E-5,0
UNKNOWN,,2026-05-08T21:51:09.967392,12.98050625,.00283426,90.2381,4.4550,138.2817,222.0472,0,U,270058,999,30544,-.35042701E-3,-.95E-6,0
UNKNOWN,,2026-05-09T22:29:09.201984,12.23015787,.01301897,73.9968,217.4057,186.0683,173.8782,0,U,270059,999,28810,.22016579E-3,.1E-6,0
UNKNOWN,,2026-05-08T13:46:03.476640,13.51278239,.05381809,30.1031,80.2115,210.0731,146.7881,0,U,270060,999,31589,.77922391E-3,.1349E-4,0
UNKNOWN,,2026-05-10T07:08:21.998112,12.22000870,.04936229,82.0836,333.8727,168.1825,193.1344,0,U,270061,999,28711,.53410805E-2,.847E-5,0
UNKNOWN,,2026-05-03T03:02:11.772960,14.24325005,.00362956,98.8626,76.4670,15.5261,344.7022,0,U,270063,999,33417,.13840577E-3,.276E-5,0
UNKNOWN,,2026-05-09T20:34:57.221472,14.47656599,.00111609,97.9711,353.0310,10.2087,349.9331,0,U,270064,999,33992,.85240119E-4,.274E-5,0
UNKNOWN,,2026-05-06T12:39:49.897440,12.22981088,.01324134,74.0016,223.1804,191.8219,167.9699,0,U,270065,999,28762,.64226934E-3,.56E-6,0
UNKNOWN,,2026-05-09T08:49:37.834464,14.63002011,.00100974,32.2193,156.8978,279.8639,80.0868,0,U,270066,999,34482,.57740968E-4,.337E-5,0
UNKNOWN,,2026-05-08T21:50:52.236384,12.96528842,.00282034,90.2557,12.9728,223.1896,136.7012,0,U,270067,999,30510,.11024586E-2,.323E-5,0
UNKNOWN,,2026-05-04T19:20:32.060832,12.68324165,.07632584,73.1604,309.1127,297.1722,55.3515,0,U,270068,999,29686,.11867388E-2,.719E-5,0
UNKNOWN,,2026-04-23T15:12:29.810304,14.13133107,.00363984,46.9571,96.4752,212.5664,147.2957,0,U,270069,999,32677,.10110541E-2,.1771E-4,0
UNKNOWN,,2026-04-25T04:56:05.796960,13.50574688,.07305737,62.7956,88.0178,3.4807,357.0918,0,U,270070,999,31528,.68637205E-3,.2368E-4,0
UNKNOWN,,2026-04-29T23:30:16.641792,11.27812061,.01509985,64.8035,3.3067,38.0453,323.1022,0,U,270071,999,26464,.61943749E-3,-.21E-6,0
UNKNOWN,,2026-05-03T22:38:40.946208,11.27765393,.01552201,64.8144,6.4109,19.1752,341.4928,0,U,270072,999,26501,.44801788E-3,-.27E-6,0
UNKNOWN,,2026-05-07T09:37:36.401664,13.23255943,.01616153,100.3396,189.2707,167.5322,192.9866,0,U,270073,999,31092,.16010689E-2,.68E-5,0
UNKNOWN,,2026-05-09T09:30:29.422368,12.86134189,.04776523,63.2964,166.7974,18.2294,343.5185,0,U,270074,999,30267,.45267318E-3,.107E-5,0
UNKNOWN,,2026-05-10T04:52:43.215744,14.36893323,.01000088,99.2423,111.3414,59.0728,302.0241,0,U,270075,999,32949,.42192671E-2,.13192E-3,0
UNKNOWN,,2026-05-10T02:54:29.430144,13.67085373,.02681879,98.3516,277.6821,237.1448,120.3626,0,U,270077,999,32122,.11091186E-2,.1153E-4,0
UNKNOWN,,2026-05-09T10:12:09.111744,14.36067517,.00196426,86.3976,16.7446,102.7522,257.5871,0,U,270078,999,33763,.13699433E-3,.419E-5,0
UNKNOWN,,2026-05-10T00:15:08.337888,12.38311651,.01592293,56.0503,29.4650,234.5549,124.0398,0,U,270079,999,29171,.1134539E-3,-.76E-6,0
UNKNOWN,,2026-05-09T21:31:06.599424,12.96710532,.00180993,90.2372,349.2251,190.2260,169.8494,0,U,270081,999,30503,.21558688E-2,.627E-5,0
UNKNOWN,,2026-05-08T16:10:01.238016,13.99101532,.02260291,74.0093,103.7047,232.0772,125.9741,0,U,270082,999,32784,.3526902E-3,.61E-5,0
UNKNOWN,,2026-05-03T16:52:59.673216,13.80607380,.03856746,72.8704,270.0962,359.4378,0.6250,0,U,270084,999,31954,.1469288E-2,.2678E-4,0
UNKNOWN,,2026-05-07T21:57:13.273344,12.81268813,.06600363,99.2817,14.1281,6.2430,354.6409,0,U,270085,999,30016,.18627945E-2,.1059E-4,0
UNKNOWN,,2026-05-02T20:03:20.145312,15.06129065,.00132863,86.3519,332.3398,299.2472,60.7434,0,U,270086,999,10272,.29501867E-2,.43445E-3,0
UNKNOWN,,2026-05-08T06:06:13.120992,12.82367316,.0726967,72.8092,326.1631,192.2895,165.9575,0,U,270087,999,30029,.29259833E-2,.2128E-4,0
UNKNOWN,,2026-05-04T08:49:27.868224,12.25976027,.01333288,74.0290,1.6025,313.1295,45.8653,0,U,270088,999,28807,-.98287402E-4,-.27E-6,0
UNKNOWN,,2026-05-03T03:28:37.447104,14.23929640,.00366981,98.8761,77.9517,25.7943,334.5055,0,U,270089,999,33415,.14409578E-3,.287E-5,0
UNKNOWN,,2026-05-08T20:41:21.617664,14.47607543,.00122598,97.9660,350.4385,13.8415,346.3112,0,U,270090,999,33977,.10121508E-3,.333E-5,0
UNKNOWN,,2026-05-09T22:00:49.744224,12.95531865,.00275876,90.2507,9.2355,234.6320,125.2222,0,U,270091,999,30505,.1043026E-2,.302E-5,0
UNKNOWN,,2026-05-07T08:53:08.410272,12.92585559,.00310681,90.2438,5.0974,31.8230,328.4757,0,U,270093,999,30399,.22135544E-3,.67E-6,0
UNKNOWN,,2026-05-04T04:06:07.704000,12.23923700,.01199974,102.6022,105.3663,10.9077,349.4537,0,U,270094,999,28752,.4319585E-3,.2E-7,0
UNKNOWN,,2026-05-08T22:31:54.057504,12.97342159,.00241485,90.2527,11.0393,194.9442,165.0968,0,U,270095,999,30515,-.46353065E-3,-.127E-5,0
UNKNOWN,,2026-05-09T07:53:46.903776,14.32757612,.00127994,98.6735,148.5116,199.6284,160.4408,0,U,270096,999,33656,.89059397E-4,.198E-5,0
UNKNOWN,,2026-05-07T10:53:54.252096,12.99560361,.00157265,90.2795,20.1071,66.9017,293.3761,0,U,270097,999,30486,-.81838325E-3,-.237E-5,0
UNKNOWN,,2026-05-07T00:50:55.400352,14.42684903,.01601645,98.2877,243.4408,249.0670,109.3315,0,U,270098,999,33499,.12222022E-2,.4699E-4,0
UNKNOWN,,2026-05-04T01:42:38.507328,12.55701756,.02253209,102.3190,238.6030,155.3800,205.8226,0,U,270099,999,29338,.1580061E-1,.2802E-4,0
UNKNOWN,,2026-05-04T05:40:30.376416,12.38946896,.00949447,102.3725,122.4200,26.0536,334.5261,0,U,270101,999,29110,.16809125E-4,-.44E-6,0
UNKNOWN,,2026-05-01T12:05:55.868640,13.03154524,.00293881,90.2993,33.4779,279.5332,80.2471,0,U,270103,999,30559,.59667186E-2,.1888E-4,0
UNKNOWN,,2026-05-01T10:55:36.224832,12.96158150,.00258176,90.2617,14.9547,218.1586,141.7707,0,U,270104,999,30408,.3592537E-4,.17E-6,0
UNKNOWN,,2026-05-09T08:50:22.961184,12.40415562,.01727722,56.0553,172.0695,294.7611,63.5400,0,U,270106,999,29220,.30412794E-3,-.49E-6,0
UNKNOWN,,2026-05-09T17:55:40.089792,13.05997180,.00187103,90.0152,311.2889,171.8216,188.3219,0,U,270108,999,30730,-.52917631E-3,-.165E-5,0
UNKNOWN,,2026-05-09T22:26:43.941984,12.98443134,.00321623,90.2504,12.1548,115.3040,245.1419,0,U,270110,999,30552,-.10123746E-2,-.291E-5,0
UNKNOWN,,2026-05-07T06:54:45.981216,14.39015948,.00214445,98.4813,146.0741,45.3834,314.9099,0,U,270111,999,33817,.11563394E-3,.314E-5,0
UNKNOWN,,2026-05-09T08:25:34.739328,12.95338581,.00288343,90.2403,3.9017,348.1977,11.8463,0,U,270113,999,30443,.40542522E-3,.122E-5,0
UNKNOWN,,2026-05-08T22:50:41.970624,12.95824544,.00487136,90.2453,7.9306,230.0751,129.6083,0,U,270114,999,30497,.13898428E-2,.403E-5,0
UNKNOWN,,2026-05-09T21:37:15.939552,12.97111459,.00318861,90.2489,9.9125,190.7415,169.3028,0,U,270115,999,30443,.10309548E-2,.306E-5,0
UNKNOWN,,2026-05-07T07:48:45.358272,12.23526013,.01302841,74.0067,158.9155,2.3047,357.8562,0,U,270116,999,28792,.65873306E-3,.58E-6,0
UNKNOWN,,2026-05-09T21:15:48.809376,13.00335672,.00270666,90.2377,0.2162,331.5638,28.4006,0,U,270117,999,30578,-.10025007E-2,-.296E-5,0
UNKNOWN,,2026-05-01T04:47:50.744832,14.55660599,.00040789,98.6995,298.6886,241.0207,119.0581,0,U,270121,999,34004,.40783959E-3,.1732E-4,0
UNKNOWN,,2026-05-08T09:06:22.365792,12.96289594,.00271136,90.2487,10.9876,280.6456,79.1611,0,U,270122,999,30421,-.51467884E-3,-.14E-5,0
UNKNOWN,,2026-04-29T04:55:29.361216,12.24004621,.08174033,83.2505,286.8139,238.0217,113.8888,0,U,270123,999,28634,.23022438E-2,.75E-5,0
UNKNOWN,,2026-05-07T09:38:47.724000,12.96891898,.00270504,90.2507,12.3467,137.7645,222.5566,0,U,270124,999,30499,-.13375837E-2,-.378E-5,0
UNKNOWN,,2026-05-09T02:18:41.583168,14.78163037,.00172624,86.3217,268.9239,102.3309,257.9845,0,U,270127,999,34246,.11456798E-2,.8343E-4,0
UNKNOWN,,2026-04-28T18:29:14.568864,12.33819466,.00461428,102.4361,125.6756,353.6854,6.3618,0,U,270128,999,28913,.41214247E-3,.5E-7,0
UNKNOWN,,2026-05-09T21:27:39.464928,12.98853090,.00278364,90.2423,7.7049,165.6486,194.5432,0,U,270129,999,30494,.82709552E-3,.253E-5,0
UNKNOWN,,2026-05-09T08:11:20.860224,4.52466086,.53887163,63.1634,93.1806,349.1364,2.7146,0,U,270131,999,10659,-.54852495E-3,-.38E-6,0
UNKNOWN,,2026-04-26T18:37:32.739168,12.79686041,.03977506,63.2006,130.0095,23.0110,338.8162,0,U,270133,999,29967,.11598285E-2,.29E-5,0
UNKNOWN,,2026-05-08T06:44:56.452416,12.29540090,.06712099,66.0576,144.7865,159.0533,203.9408,0,U,270134,999,28928,.11862491E-3,-.24E-6,0
UNKNOWN,,2026-05-09T17:40:08.645952,13.04808973,.02770008,63.5718,308.1853,332.2555,26.3903,0,U,270135,999,30694,.4207178E-3,.83E-6,0
UNKNOWN,,2026-05-09T09:16:41.040768,13.02583445,.00299023,90.2449,4.3580,64.6002,295.8212,0,U,270136,999,30598,.13843575E-2,.441E-5,0
UNKNOWN,,2026-04-27T13:49:41.050848,12.12978672,.03073128,100.9945,224.2959,23.0535,338.3979,0,U,270137,999,28414,.58586564E-3,.29E-6,0
UNKNOWN,,2026-05-09T23:50:01.805280,14.93995702,.00086171,97.8109,220.8049,221.5652,138.4913,0,U,270138,999,34933,.2399564E-3,.2501E-4,0
UNKNOWN,,2026-05-04T10:39:15.092352,12.51612384,.07872574,99.4278,196.5420,129.4842,237.8606,0,U,270140,999,29293,.1284671E-2,.603E-5,0
UNKNOWN,,2026-04-11T18:43:46.178976,12.42209185,.00270499,73.6066,119.4075,301.1102,58.7289,0,U,270141,999,28900,.37202231E-3,.34E-6,0
UNKNOWN,,2026-05-09T08:36:16.598016,13.68279871,.0042902,99.2505,354.7170,193.7269,166.2713,0,U,270143,999,32201,.20927157E-3,.138E-5,0
UNKNOWN,,2026-04-29T22:21:45.141408,11.61511467,.05850431,102.4637,191.5332,117.3089,248.8729,0,U,270147,999,3445,-.36510997E-1,-.2878E-4,0
UNKNOWN,,2026-05-07T10:02:03.038208,13.06216663,.00276393,90.3161,14.6094,183.1920,176.9033,0,U,270149,999,30604,.54211913E-3,.186E-5,0
UNKNOWN,,2026-05-08T11:47:57.798816,12.99008920,.004059,90.3186,42.4081,88.2300,272.3470,0,U,270152,999,30545,-.11215165E-3,-.26E-6,0
UNKNOWN,,2026-05-07T03:37:41.481120,12.30720826,.07578697,83.1988,78.1413,67.2344,300.6974,0,U,270153,999,28874,.65630171E-2,.2051E-4,0
UNKNOWN,,2026-05-09T22:26:38.670720,12.96316738,.00291313,90.2501,12.2394,253.2560,106.5363,0,U,270154,999,30478,-.41142493E-3,-.111E-5,0
UNKNOWN,,2026-04-29T20:35:35.484576,12.55041866,.00648522,101.9166,344.2121,149.0030,211.4893,0,U,270155,999,29408,.32293857E-2,.483E-5,0
UNKNOWN,,2026-05-09T22:28:21.177408,13.04393329,.00195671,90.1955,17.2968,279.3527,80.5385,0,U,270156,999,30559,-.54868093E-3,-.168E-5,0
UNKNOWN,,2026-05-09T01:24:19.076832,12.76214696,.09726577,65.8271,258.1880,169.1851,193.1850,0,U,270157,999,29937,.56268099E-3,.878E-5,0
UNKNOWN,,2026-05-07T23:27:01.903968,12.21575362,.01373399,74.0061,17.3527,115.7651,245.7630,0,U,270158,999,28753,.62303544E-3,.54E-6,0
UNKNOWN,,2026-05-04T00:41:54.894048,12.81711241,.02715469,62.9610,244.4538,230.7015,126.9611,0,U,270159,999,30104,.28735883E-2,.705E-5,0
UNKNOWN,,2026-05-07T16:30:15.069024,12.76659135,.00526,101.1142,112.1289,331.2552,28.5641,0,U,270161,999,29980,.17768589E-2,.344E-5,0
UNKNOWN,,2026-05-04T05:03:17.705376,12.64733678,.09261074,28.8426,317.9045,207.2777,147.6036,0,U,270162,999,29629,.51904036E-3,.625E-5,0
UNKNOWN,,2026-05-07T22:55:24.426048,13.00051692,.00284431,90.2468,10.3907,18.2278,341.9857,0,U,270164,999,30475,.19599949E-2,.599E-5,0
UNKNOWN,,2026-05-06T22:52:06.638304,12.95730440,.00422165,90.2473,11.2979,308.0114,51.7197,0,U,270165,999,30312,.23231757E-3,.73E-6,0
UNKNOWN,,2026-05-02T07:16:45.903648,14.31317648,.00050445,98.7398,143.9916,178.3128,181.8073,0,U,270166,999,33523,.12599256E-3,.288E-5,0
UNKNOWN,,2026-04-26T02:59:22.583616,11.48038085,.06980303,65.7361,255.5095,152.6858,211.2666,0,U,270167,999,26852,.11537554E-2,.47E-6,0
UNKNOWN,,2026-04-27T01:11:57.442560,13.43081713,.02056583,83.0043,49.4248,194.2194,165.3104,0,U,270169,999,31426,.91011582E-3,.603E-5,0
UNKNOWN,,2026-05-07T02:23:29.013504,14.41953378,.00185925,65.0052,265.9031,283.7844,76.1177,0,U,270170,999,33780,.3572024E-3,.1073E-4,0
UNKNOWN,,2026-05-08T20:10:52.073472,11.95879000,.00245978,82.4228,330.3819,28.7306,331.5096,0,U,270171,999,28093,.38199608E-2,.302E-5,0
UNKNOWN,,2026-05-09T20:18:28.397664,14.46000194,.00258286,86.3744,338.1898,28.3420,331.9181,0,U,270172,999,33875,.26119874E-3,.954E-5,0
UNKNOWN,,2026-05-09T08:36:23.681088,14.86146418,.00017329,86.6077,2.8930,92.9022,267.2401,0,U,270173,999,34597,.20232127E-3,.18E-4,0
UNKNOWN,,2026-04-30T12:25:41.140992,11.49783455,.0955651,63.3941,201.3393,318.2567,34.9116,0,U,270174,999,26990,.47632113E-2,.578E-5,0
UNKNOWN,,2026-05-10T01:25:29.129952,12.21390995,.08384743,83.3161,59.0829,19.6831,343.4652,0,U,270175,999,28704,.29449163E-2,.975E-5,0
UNKNOWN,,2026-05-08T22:13:45.286176,13.04662726,.00295296,90.2397,356.1027,312.8512,47.0132,0,U,270176,999,30566,.43718462E-2,.1416E-4,0
UNKNOWN,,2026-05-03T10:35:09.163392,12.53644967,.00892299,100.8964,183.5192,15.3319,345.0430,0,U,270177,999,29374,-.8132084E-3,-.172E-5,0
UNKNOWN,,2026-05-09T06:41:23.507520,14.32235582,.0018423,98.6914,132.9298,269.5816,90.3257,0,U,270178,999,33555,.10135787E-3,.229E-5,0
UNKNOWN,,2026-05-09T06:26:42.735552,14.38578916,.00310718,98.6251,135.4877,289.8743,69.9097,0,U,270179,999,33681,.10486559E-3,.277E-5,0
UNKNOWN,,2026-05-05T13:09:45.383616,12.92825183,.06915994,72.9901,221.2568,152.7454,211.1760,0,U,270181,999,30240,.25833266E-2,.2066E-4,0
UNKNOWN,,2026-05-07T21:36:55.054080,13.01462886,.00410582,90.2447,358.7616,354.6339,5.4338,0,U,270183,999,30507,-.2187599E-2,-.667E-5,0
UNKNOWN,,2026-05-08T09:45:01.171584,12.96098843,.00313915,90.2419,4.7092,280.9857,78.7732,0,U,270184,999,30349,.17035527E-2,.493E-5,0
UNKNOWN,,2026-05-07T23:16:38.035488,13.09135168,.00291481,90.3369,33.2519,48.6823,311.6806,0,U,270186,999,30741,.29426914E-2,.1019E-4,0
UNKNOWN,,2026-05-08T05:57:34.820352,14.47075736,.0019162,74.0342,314.8361,0.9847,359.1346,0,U,270187,999,7076,.35866316E-3,.1282E-4,0
UNKNOWN,,2026-05-01T08:26:53.385792,12.44876161,.07122149,74.3196,161.3231,268.5727,83.3701,0,U,270188,999,29054,.35422101E-2,.1227E-4,0
UNKNOWN,,2026-05-08T06:32:34.379232,14.38579727,.00310937,98.6246,134.5076,292.7440,67.0462,0,U,270190,999,33666,.11030332E-3,.294E-5,0
UNKNOWN,,2026-05-09T10:13:17.772960,12.91516340,.02224926,62.9031,16.9576,303.7927,54.2055,0,U,270191,999,30401,.57898857E-3,.92E-6,0
UNKNOWN,,2026-05-09T22:38:05.989632,12.97939701,.00199211,90.2543,6.0676,148.1732,212.0597,0,U,270192,999,30509,-.23848625E-2,-.69E-5,0
UNKNOWN,,2026-05-09T09:07:19.439040,13.46402288,.00536519,100.4416,10.2111,84.7080,276.0169,0,U,270194,999,31611,.25970975E-2,.1527E-4,0
UNKNOWN,,2026-05-09T22:22:05.835072,12.96999206,.00312729,90.2422,8.0987,108.0298,252.4234,0,U,270195,999,30328,-.67881028E-3,-.188E-5,0
UNKNOWN,,2026-05-09T02:20:50.840160,13.95094854,.00498786,64.6928,73.6159,188.2495,171.7753,0,U,270196,999,32783,.35730654E-3,.394E-5,0
UNKNOWN,,2026-05-07T13:17:30.426432,13.87325254,.0360776,97.5811,66.6101,198.5144,160.2604,0,U,270197,999,32362,.77417246E-3,.1493E-4,0
UNKNOWN,,2026-05-08T19:47:22.611264,13.12915954,.05955146,72.7234,174.5344,118.7155,247.5106,0,U,270199,999,30641,.1516323E-2,.1323E-4,0
UNKNOWN,,2026-05-09T09:00:42.013728,12.95770937,.00303741,90.2536,13.0660,275.1306,84.6347,0,U,270200,999,30313,.11348602E-3,.39E-6,0
UNKNOWN,,2026-04-22T19:50:57.621984,14.03199594,.00286004,82.5309,323.4262,272.2290,87.5606,0,U,270202,999,32602,.10588377E-2,.167E-4,0
UNKNOWN,,2026-05-09T10:20:03.223968,13.00667191,.00337924,90.2497,11.6221,9.3579,350.8166,0,U,270203,999,30546,.31442911E-2,.965E-5,0
UNKNOWN,,2026-05-09T20:25:47.172288,13.87797684,.00643813,89.9321,345.4361,106.4517,254.3744,0,U,270204,999,32435,.13657105E-2,.1658E-4,0
UNKNOWN,,2026-04-30T13:19:03.754848,12.25291376,.00707722,47.2238,213.1138,320.7200,38.8470,0,U,270205,999,4820,.6310066E-2,.618E-5,0
UNKNOWN,,2026-05-09T20:39:28.455264,14.32600543,.00512186,98.5069,173.0934,34.0819,326.3636,0,U,270207,999,33462,.42203797E-3,.112E-4,0
UNKNOWN,,2026-04-28T13:24:35.038368,13.43259927,.01381563,90.1928,236.7758,16.4189,344.1367,0,U,270208,999,5220,.1208834E-2,.74E-5,0
UNKNOWN,,2026-05-09T09:20:53.333952,14.37328999,.00024427,86.3990,7.9906,82.6641,277.4834,0,U,270209,999,33497,.11909391E-3,.375E-5,0
UNKNOWN,,2026-05-09T07:04:54.466176,14.37383673,.00025573,86.3958,336.3554,69.5962,290.5510,0,U,270210,999,33499,.11556545E-3,.365E-5,0
UNKNOWN,,2026-05-05T11:26:24.715680,12.88826946,.02137607,82.4903,194.2194,21.0237,339.9494,0,U,270211,999,30227,.93941256E-4,.38E-6,0
UNKNOWN,,2026-04-29T22:53:08.943936,11.82766546,.10586042,83.2247,209.5538,186.3850,172.2751,0,U,270212,999,27566,.81093499E-2,.2512E-4,0
UNKNOWN,,2026-05-09T17:55:30.431136,14.42439699,.01599519,97.0473,140.4329,125.6514,235.9694,0,U,270213,999,10547,.98194724E-3,.3758E-4,0
UNKNOWN,,2026-05-08T18:34:21.599904,13.99907632,.00158672,82.5506,318.7174,84.8432,275.4547,0,U,270215,999,32779,.10662353E-2,.1582E-4,0
UNKNOWN,,2026-04-28T22:36:56.295072,13.06126901,.00291639,90.3235,15.6680,251.3308,108.4651,0,U,270216,999,30214,.43413506E-2,.1436E-4,0
UNKNOWN,,2026-05-05T11:56:08.360736,12.11797045,.08511831,83.3367,52.0309,197.8007,159.1470,0,U,270217,999,28406,.24252892E-2,.703E-5,0
UNKNOWN,,2026-05-10T03:42:57.745728,13.61152410,.04896296,98.8492,279.3161,193.5753,165.1816,0,U,270218,999,31060,.5029291E-2,.8508E-4,0
UNKNOWN,,2026-05-04T15:52:03.174240,12.56940065,.00283206,101.9456,110.7759,303.1122,56.7234,0,U,270219,999,29342,.91118805E-4,-.32E-6,0
UNKNOWN,,2026-05-09T20:18:47.143008,14.50077780,.00249745,81.2123,338.2970,200.2912,159.7291,0,U,270220,999,33320,.133763E-2,.5222E-4,0
UNKNOWN,,2026-04-28T01:57:54.830304,11.86057058,.10533723,83.1632,44.2265,353.9502,4.9604,0,U,270221,999,27597,.49791849E-3,.169E-5,0
UNKNOWN,,2026-05-07T09:40:22.347552,12.95594967,.00335004,90.2531,5.5817,315.1464,44.6949,0,U,270222,999,30158,.13915099E-2,.401E-5,0
UNKNOWN,,2026-05-03T09:37:13.365696,13.00361502,.00253452,90.2559,4.5385,129.8165,230.5194,0,U,270223,999,30103,-.69428599E-3,-.202E-5,0
UNKNOWN,,2026-05-09T09:34:06.955968,13.40599197,.05255357,73.1447,169.1148,333.7019,23.8233,0,U,270224,999,30783,.19312124E-2,.2371E-4,0
UNKNOWN,,2026-04-26T12:29:22.305120,11.67011759,.03971153,101.2562,198.8964,327.0371,30.6456,0,U,270226,999,27079,.11714083E-3,-.26E-6,0
UNKNOWN,,2026-05-10T07:05:41.555904,12.24571358,.01392909,74.0066,150.7483,143.4556,217.6084,0,U,270228,999,28397,.52997703E-3,.46E-6,0
UNKNOWN,,2026-05-09T23:54:28.327680,13.91279046,.01423639,98.9397,51.7525,2.5358,357.6493,0,U,270229,999,32261,.22349138E-3,.263E-5,0
UNKNOWN,,2026-05-08T15:40:57.770688,12.21266451,.02903654,102.9928,104.0857,164.5751,196.4378,0,U,270230,999,28104,.28208618E-1,.3348E-4,0
UNKNOWN,,2026-05-08T12:23:36.356928,12.92561210,.07008044,72.9684,206.4901,157.9204,205.3705,0,U,270232,999,29695,.26921341E-2,.2208E-4,0
UNKNOWN,,2026-05-08T06:14:25.324512,14.38549650,.0031027,98.6255,134.4733,293.2653,66.5268,0,U,270233,999,32955,.11065141E-3,.295E-5,0
UNKNOWN,,2026-05-09T10:40:31.543392,13.59305458,.01486279,82.9399,20.3832,36.3252,324.7873,0,U,270235,999,31630,.44042432E-3,.364E-5,0
UNKNOWN,,2026-05-08T22:37:07.895136,12.95540796,.00278755,90.2381,2.6313,272.1972,87.5956,0,U,270236,999,29728,.14445815E-2,.416E-5,0
UNKNOWN,,2026-05-10T01:54:06.689376,12.96020438,.00268449,90.2512,6.3857,13.8025,346.3823,0,U,270237,999,29633,.13065561E-3,.45E-6,0
UNKNOWN,,2026-05-08T10:03:24.510816,12.80840785,.01165753,63.5221,186.7788,63.4485,297.8404,0,U,270238,999,29326,.12738673E-4,-.72E-6,0
UNKNOWN,,2026-05-03T15:03:28.289664,12.27646986,.00546282,82.4434,243.1445,105.4582,255.2531,0,U,270239,999,27945,.81424089E-2,.941E-5,0
UNKNOWN,,2026-05-03T19:54:00.135936,12.64764020,.00499977,82.4316,152.7887,283.7809,75.7722,0,U,270240,999,28638,.24992457E-1,.4653E-4,0
UNKNOWN,,2026-05-09T21:41:51.254880,12.94374571,.0031786,90.2500,5.4690,357.6529,2.4436,0,U,270241,999,29575,-.22385193E-3,-.55E-6,0
UNKNOWN,,2026-04-24T10:45:32.443488,12.98588346,.00439288,90.2433,6.3036,146.9449,213.4432,0,U,270242,999,29447,.2256371E-2,.676E-5,0
UNKNOWN,,2026-05-09T10:44:36.134016,10.71451670,.10027287,101.9011,11.2108,39.2437,327.7053,0,U,270246,999,24558,.11946659E-1,.519E-5,0
UNKNOWN,,2026-05-08T09:52:45.965568,12.78864891,.00753454,66.0688,24.9690,317.5493,41.9709,0,U,270247,999,29080,.45340392E-3,.42E-6,0
UNKNOWN,,2026-04-30T01:03:52.199424,12.25834535,.00307764,82.4617,250.1425,207.4671,152.4773,0,U,270248,999,27654,.2116789E-1,.2368E-4,0
UNKNOWN,,2026-05-07T09:36:22.844160,12.95381329,.00284575,90.2415,5.5856,309.1283,50.7308,0,U,270249,999,29330,-.54524468E-3,-.147E-5,0
UNKNOWN,,2026-05-08T19:10:33.794400,12.60019588,.00723127,82.4694,157.3585,358.8655,1.2260,0,U,270250,999,28394,.9564908E-2,.1686E-4,0
UNKNOWN,,2026-04-22T01:07:55.149312,11.49834757,.07459404,102.2971,25.8118,325.2802,30.1610,0,U,270251,999,25839,-.35191223E-1,-.3066E-4,0
UNKNOWN,,2026-05-06T09:03:53.563392,12.62404285,.00004398,51.9819,2.6287,88.1926,271.8991,0,U,270252,999,28726,.1900987E-3,-.7E-6,0
UNKNOWN,,2026-05-08T21:48:02.203776,13.00322489,.00346226,90.2483,5.9931,343.5653,16.4344,0,U,270253,999,29434,-.62222203E-3,-.181E-5,0
UNKNOWN,,2026-05-09T22:44:53.617056,12.93292869,.00352519,90.2499,6.7648,15.7781,344.4427,0,U,270256,999,29407,.50242958E-3,.145E-5,0
UNKNOWN,,2026-05-05T12:55:40.937664,12.33989529,.02422979,82.3923,225.8486,81.5591,281.2866,0,U,270258,999,27783,-.77423151E-2,-.1044E-4,0
UNKNOWN,,2026-05-01T22:22:02.982144,12.09991342,.09108874,83.3505,198.8669,185.5895,173.4429,0,U,270260,999,27299,.48862178E-2,.1611E-4,0
UNKNOWN,,2026-05-09T00:28:43.194432,12.83445039,.03876214,63.2109,29.1304,26.0812,335.9154,0,U,270261,999,28914,.14775886E-2,.409E-5,0
UNKNOWN,,2026-04-29T09:05:15.177696,12.95633079,.00312652,90.2505,8.2002,303.9187,55.8960,0,U,270262,999,28995,.14593786E-2,.421E-5,0
UNKNOWN,,2026-05-07T13:25:06.468096,14.35035369,.00312361,86.4339,58.8226,224.1861,135.6841,0,U,270263,999,32376,.11250392E-3,.342E-5,0
UNKNOWN,,2026-05-09T09:07:17.540832,13.15649382,.00160944,82.5482,172.4954,17.7674,342.4007,0,U,270264,999,29555,.75033811E-3,.295E-5,0
UNKNOWN,,2026-05-03T07:26:13.756416,12.73093099,.01515426,82.4498,139.3881,191.8347,167.9174,0,U,270265,999,28359,.23047836E-1,.5008E-4,0
UNKNOWN,,2026-05-08T08:30:25.915104,12.57420466,.00618168,82.4415,168.7311,79.8646,280.9407,0,U,270266,999,28067,.25908267E-1,.4385E-4,0
UNKNOWN,,2026-05-08T09:19:53.775840,12.96387708,.00261795,90.2433,5.7882,236.4882,123.3736,0,U,270267,999,29139,-.7617333E-3,-.211E-5,0
UNKNOWN,,2026-05-08T22:47:47.565312,12.98457585,.0029026,90.2444,7.9432,154.6977,205.5573,0,U,270268,999,29158,.30556016E-2,.908E-5,0
UNKNOWN,,2026-05-09T17:25:26.387040,13.30584385,.00846076,82.5818,135.8670,53.6794,307.2110,0,U,270269,999,29852,.39857694E-3,.205E-5,0
UNKNOWN,,2026-05-01T22:38:18.750048,11.85853851,.10639007,83.0927,193.5540,209.1175,144.6334,0,U,270272,999,26739,.80598338E-2,.2687E-4,0
UNKNOWN,,2026-05-09T22:05:26.602656,12.98384069,.00318222,90.2538,11.5276,128.2335,232.1658,0,U,270274,999,29128,-.78840007E-3,-.225E-5,0
UNKNOWN,,2026-05-02T19:38:28.568544,13.93797669,.02946196,86.4383,330.3183,128.1334,234.6793,0,U,270275,999,3711,.4037034E-2,.7641E-4,0
UNKNOWN,,2026-04-23T16:20:09.600288,11.13425994,.08601682,102.2745,259.7475,271.0586,79.2092,0,U,270276,999,24799,.5524931E-1,.3459E-4,0
UNKNOWN,,2026-05-04T05:59:34.418688,14.48245538,.02443672,34.0958,107.0108,77.9594,284.8355,0,U,270278,999,31617,.18390869E-2,.102E-3,0
UNKNOWN,,2026-05-08T22:00:34.219872,12.93733538,.00268988,90.2285,3.0201,279.7255,80.0826,0,U,270279,999,28877,-.3626659E-3,-.93E-6,0
UNKNOWN,,2026-04-26T09:36:22.413888,12.96981021,.00290105,90.2447,6.0825,141.5353,218.7843,0,U,270280,999,28800,-.77971947E-3,-.217E-5,0
UNKNOWN,,2026-05-09T04:05:24.416736,12.25659247,.04826816,82.7515,88.0925,82.9271,282.6417,0,U,270282,999,27576,.3048931E-2,.508E-5,0
UNKNOWN,,2026-05-08T16:49:36.240960,12.96455838,.01880488,82.6994,282.3729,251.8755,106.1798,0,U,270284,999,28630,.18344828E-1,.5702E-4,0
UNKNOWN,,2026-04-27T05:17:43.575936,13.03462035,.01895781,101.8223,105.5345,308.3735,50.0466,0,U,270286,999,3160,.2445056E-2,.789E-5,0
UNKNOWN,,2026-05-04T09:00:46.738944,12.95818914,.00295164,90.2428,5.2410,242.9954,116.8152,0,U,270288,999,28859,-.76341095E-3,-.21E-5,0
UNKNOWN,1987-060Y,2026-05-04T06:41:56.012064,14.36582141,.00183902,65.0127,125.5031,284.2481,75.6563,0,U,270289,999,63048,.32814846E-3,.867E-5,0
UNKNOWN,1987-060Z,2026-05-10T04:55:35.917248,14.34726022,.0015599,65.0073,112.2407,281.7116,78.2220,0,U,270290,999,63001,.13415491E-3,.28E-5,0
UNKNOWN,,2026-05-04T00:33:56.836800,12.50175647,.00179407,73.6007,227.8765,91.5003,268.8101,0,U,270292,999,29352,.53346079E-3,.64E-6,0
UNKNOWN,,2026-05-10T04:30:56.114208,14.55269698,.00057583,98.6883,300.7785,210.1722,149.9143,0,U,270293,999,34134,.24524464E-3,.1013E-4,0
UNKNOWN,,2026-05-10T01:31:50.801952,14.31112908,.00765293,99.1717,66.6140,78.7158,282.2611,0,U,270294,999,33554,.67470904E-3,.1789E-4,0
UNKNOWN,,2026-05-10T04:15:26.060544,14.77692149,.00839916,97.7350,93.5988,314.1354,45.2969,0,U,270295,999,11090,.18836813E-2,.14278E-3,0
UNKNOWN,,2026-05-09T22:38:16.521792,12.98073235,.00299793,90.2429,6.1388,113.0039,247.4249,0,U,270296,999,30457,.20287718E-2,.603E-5,0
UNKNOWN,,2026-05-05T11:13:39.872640,12.99505038,.00424189,90.2763,22.3941,49.3492,311.1305,0,U,270297,999,30417,.35494663E-2,.1072E-4,0
UNKNOWN,,2026-05-07T12:27:06.522336,2.08241298,.73586037,59.9876,189.8663,79.9688,348.7345,0,U,270298,999,1469,.4661227E-2,.1227E-4,0
UNKNOWN,,2026-05-09T23:05:21.710976,12.95972084,.00256643,90.2513,11.1264,279.2636,80.5581,0,U,270299,999,28289,.2066857E-2,.595E-5,0
UNKNOWN,,2026-05-04T07:50:16.014336,14.52476154,.00332115,98.8341,158.2888,156.6743,203.5966,0,U,270300,999,10062,.85438862E-3,.3462E-4,0
UNKNOWN,,2026-05-09T19:19:17.843232,14.50075769,.00125994,98.9177,160.8358,356.5233,3.5869,0,U,270302,999,26814,.88885478E-3,.3402E-4,0
UNKNOWN,,2026-05-08T09:07:29.440704,15.40473889,.00044099,98.6467,168.6653,181.6111,178.5118,0,U,270304,999,27046,.67782775E-2,.284767E-2,0
UNKNOWN,,2026-05-10T05:35:15.112320,14.37874982,.00066249,98.8305,117.0558,215.2264,144.8485,0,U,270305,999,26562,.4365301E-3,.1271E-4,0
UNKNOWN,,2026-05-04T09:54:22.788864,12.92720827,.0030531,90.2483,6.0531,45.1801,315.1791,0,U,270306,999,25896,.3023684E-3,.9E-6,0
UNKNOWN,,2026-05-10T04:13:20.045280,13.67722653,.0056739,82.6971,107.4868,184.6220,175.4416,0,U,270307,999,29718,.36359463E-2,.3123E-4,0
UNKNOWN,,2026-05-08T13:42:43.718112,13.00224931,.023061,82.5630,238.8891,254.6482,102.9044,0,U,270308,999,29203,.21495695E-1,.7358E-4,0
UNKNOWN,,2026-05-09T17:18:45.866016,14.94729925,.00353898,98.4033,122.1022,183.2502,176.8492,0,U,270309,999,28993,.32700964E-3,.3527E-4,0
UNKNOWN,,2026-05-08T21:15:16.368768,13.48601947,.01937823,82.9424,195.2660,209.8278,149.1708,0,U,270310,999,25131,.12584513E-2,.892E-5,0
UNKNOWN,,2026-05-10T05:57:39.309696,14.53781863,.0023005,98.8095,127.7385,84.0099,276.3716,0,U,270311,999,26752,.10715967E-2,.4463E-4,0
UNKNOWN,,2026-05-10T06:07:14.835648,14.18409046,.00307799,98.4522,129.8400,65.4884,294.9496,0,U,270312,999,33369,.18498046E-3,.342E-5,0
UNKNOWN,,2026-05-08T21:55:49.787616,12.95250192,.00260869,90.2520,10.3405,313.7705,46.1256,0,U,270313,999,29998,.57083695E-4,.23E-6,0
UNKNOWN,,2026-05-09T22:40:20.318304,12.94871762,.00302738,90.2491,6.1806,9.5454,350.6234,0,U,270314,999,28767,.21957802E-2,.623E-5,0
UNKNOWN,,2026-04-15T20:57:33.768864,14.11492746,.02717116,97.6595,328.1096,11.3332,349.3798,0,U,270315,999,30143,.5222016E-3,.1303E-4,0
UNKNOWN,,2026-05-07T01:25:49.022688,14.21708917,.00086629,81.2066,252.2498,216.5678,143.4909,0,U,270316,999,28474,.13988043E-2,.3086E-4,0
UNKNOWN,,2026-05-05T09:26:05.559360,12.93377056,.00252912,90.2488,6.4275,20.1947,340.0166,0,U,270317,999,8926,.14762658E-3,.48E-6,0
UNKNOWN,,2026-04-28T17:37:37.786368,12.53896565,.04643941,103.0166,280.4854,77.4598,287.7994,0,U,270319,999,7949,.15167913E-1,.3573E-4,0
UNKNOWN,,2026-05-02T22:50:22.355232,12.99549970,.00286895,90.2434,4.3024,81.8958,278.5417,0,U,270320,999,23875,.20240422E-2,.614E-5,0
UNKNOWN,,2026-05-10T01:59:47.455296,12.92701676,.00321348,90.2480,5.9535,27.8460,332.4369,0,U,270321,999,26112,.48331639E-3,.139E-5,0
UNKNOWN,,2026-05-09T22:15:19.058688,12.93182670,.00322737,90.2454,5.6531,21.6427,338.6047,0,U,270322,999,23716,.44867762E-3,.13E-5,0
UNKNOWN,,2026-05-08T06:47:18.062016,14.46286583,.00405796,81.2852,317.0297,356.5993,3.4916,0,U,270323,999,29853,.58979408E-3,.2148E-4,0
UNKNOWN,,2026-05-10T05:36:16.776000,12.32548442,.06693986,66.0283,327.5427,217.0382,138.2588,0,U,270324,999,26648,.46543582E-3,.66E-6,0
UNKNOWN,,2026-05-09T07:55:46.483104,12.97025102,.00335474,90.2360,355.9730,152.4205,207.8705,0,U,270325,999,26034,.30053009E-3,.95E-6,0
UNKNOWN,,2026-05-09T21:45:21.103200,13.01724781,.00341436,90.2404,3.1373,99.7246,260.7736,0,U,270326,999,28381,-.84600839E-3,-.254E-5,0
UNKNOWN,,2026-05-10T00:07:55.245792,12.95869512,.00267052,90.2982,33.3340,216.8399,143.0887,0,U,270327,999,26129,.13280013E-3,.45E-6,0
UNKNOWN,,2026-05-10T01:28:54.099264,12.95260773,.01969131,63.4598,42.4686,3.2739,356.9500,0,U,270328,999,28183,.94228254E-3,.212E-5,0
UNKNOWN,,2026-05-05T05:19:26.860224,14.37171898,.00019667,86.3922,306.8314,85.8248,274.3174,0,U,270329,999,27555,.17466448E-3,.539E-5,0
UNKNOWN,,2026-05-10T05:19:16.497408,13.42424199,.00370588,100.3132,311.9056,315.3727,44.4419,0,U,270330,999,26739,.21669132E-2,.1182E-4,0
UNKNOWN,,2026-05-09T19:46:25.430880,14.59583680,.00825904,86.4364,160.0572,304.7825,54.5630,0,U,270332,999,2695,.27591321E-2,.13793E-3,0
UNKNOWN,,2026-05-04T02:16:09.077664,14.30528681,.02064762,97.7255,246.1810,207.5852,151.4256,0,U,270333,999,6795,.22841879E-2,.7479E-4,0
UNKNOWN,,2026-05-10T00:14:09.643776,14.17947002,.01788196,86.4506,238.5097,76.8977,285.2099,0,U,270334,999,30264,.16277733E-2,.3919E-4,0
UNKNOWN,,2026-04-26T00:35:56.439456,14.14750118,.00820968,66.6610,219.9936,329.9481,29.6911,0,U,270335,999,25616,.30619317E-3,.527E-5,0
UNKNOWN,,2026-05-08T10:50:28.032576,14.26893568,.00058096,81.2874,41.7936,286.7339,73.3204,0,U,270336,999,25636,.87602685E-3,.2139E-4,0
UNKNOWN,,2026-05-09T21:29:59.132256,13.04795954,.00275591,90.1433,7.1218,211.2242,148.7247,0,U,270337,999,23734,.19742136E-2,.645E-5,0
UNKNOWN,,2026-05-07T03:26:26.438784,13.84282511,.01480318,99.1090,85.1744,142.3533,218.8094,0,U,270338,999,24721,.73127412E-3,.847E-5,0
UNKNOWN,,2026-04-29T12:22:27.890112,12.16151328,.08334366,83.2366,205.5307,331.6477,24.1513,0,U,270339,999,21899,.25496569E-2,.756E-5,0
UNKNOWN,,2026-05-09T21:02:34.224864,13.83938538,.01465719,98.7997,3.0940,84.0194,277.7644,0,U,270340,999,24823,.47518424E-3,.534E-5,0
UNKNOWN,,2026-04-30T00:38:06.620064,12.02345369,.09259106,83.2386,219.3962,135.7746,232.1235,0,U,270341,999,20633,-.29879452E-2,-.872E-5,0
UNKNOWN,,2026-05-07T11:14:26.733408,14.22330162,.00960465,98.6772,36.4233,220.2333,139.1709,0,U,270342,999,24329,.12469623E-2,.2863E-4,0
UNKNOWN,,2026-05-08T21:24:28.161504,12.45875331,.07288193,83.3988,3.4106,10.9892,350.6183,0,U,270343,999,21236,.7869994E-3,.306E-5,0
UNKNOWN,,2026-04-12T17:35:13.140672,13.06688147,.02699045,105.8419,266.1089,266.8212,90.1962,0,U,270344,999,21789,.1654544E-2,.572E-5,0
UNKNOWN,,2026-05-05T12:47:23.105184,12.04148361,.09018047,83.3030,220.6372,315.6165,37.5911,0,U,270345,999,20448,.44437807E-2,.1281E-4,0
UNKNOWN,,2026-05-08T08:24:36.078048,12.98421601,.00305104,90.2338,355.9963,134.3789,225.9839,0,U,270346,999,21319,-.11717173E-2,-.338E-5,0
UNKNOWN,,2026-05-10T00:49:17.359680,13.04838771,.0089627,82.6903,232.2140,35.0984,325.5992,0,U,270347,999,14055,.29277205E-2,.974E-5,0
UNKNOWN,,2026-05-03T15:19:09.355008,13.16108272,.02464763,82.6112,265.9490,292.8914,64.6361,0,U,270348,999,10663,.18753826E-1,.8327E-4,0
UNKNOWN,,2026-05-07T18:33:25.319808,13.21114758,.00265104,82.5462,155.7722,156.5729,203.6610,0,U,270349,999,20049,.52363174E-3,.227E-5,0
UNKNOWN,,2026-05-06T08:41:18.248064,2.10637558,.73297618,60.1444,214.5671,79.2749,348.6936,0,U,270353,999,3026,.37217561E-3,.251E-5,0
UNKNOWN,,2026-05-07T06:39:32.889600,2.04762404,.73824045,60.0719,229.2271,71.4636,350.7146,0,U,270354,999,2981,.59720696E-4,-.785E-5,0
UNKNOWN,,2026-04-12T02:32:55.217760,4.32717857,.5430228,64.7594,38.5938,299.8044,17.2138,0,U,270359,999,5948,-.96870729E-1,-.4282E-4,0
UNKNOWN,,2026-05-10T06:28:16.699872,2.20765558,.72669259,60.1871,185.4824,83.6824,347.1613,0,U,270360,999,1546,.49633029E-2,.1575E-4,0
UNKNOWN,,2026-04-22T08:52:11.401824,2.02101047,.75010284,62.1443,89.4289,50.0352,354.5931,0,U,270365,999,1999,.28670296E-2,.12923E-3,0
UNKNOWN,,2026-05-03T15:55:47.073792,12.94326372,.02714209,82.4998,273.4683,45.4334,316.8588,0,U,270367,999,20320,.42052724E-3,.151E-5,0
UNKNOWN,,2026-05-10T02:16:29.129376,15.04061399,.000577,53.9821,49.5098,232.8835,127.1638,0,U,270368,999,22668,.59000791E-4,.551E-5,0
UNKNOWN,,2026-04-29T23:21:05.586912,14.39053383,.0121279,97.7388,210.2220,196.9567,162.7554,0,U,270370,999,20226,.2806549E-2,.942E-4,0
UNKNOWN,,2026-05-04T12:49:18.602112,8.81349790,.22173493,85.6049,223.8256,2.0322,358.7993,0,U,270371,999,12279,-.5403987E-1,-.1873E-4,0
UNKNOWN,,2026-05-04T07:05:52.026720,12.64586355,.00850088,82.4546,147.5807,223.3496,136.0889,0,U,270372,999,16006,.10931456E-1,.2054E-4,0
UNKNOWN,,2026-05-09T23:02:59.844768,14.06514518,.00664411,98.8522,121.8934,118.8363,241.9496,0,U,270373,999,17708,.13862159E-3,.191E-5,0
UNKNOWN,,2026-05-10T05:53:16.156896,14.14039279,.00367546,98.8082,132.4733,68.3781,292.1301,0,U,270374,999,17730,.29020737E-3,.512E-5,0
UNKNOWN,,2026-05-08T08:57:05.907456,12.50626040,.01092728,82.4291,180.2810,130.3201,230.7493,0,U,270375,999,15627,.80915518E-2,.1278E-4,0
UNKNOWN,,2026-05-02T18:01:21.822528,13.16273910,.00520393,102.9860,291.0259,42.5563,317.9556,0,U,270376,999,16117,.16650471E-1,.633E-4,0
UNKNOWN,,2026-05-09T09:36:51.772608,14.47145635,.01174921,98.6306,177.2263,99.4660,261.9834,0,U,270377,999,17817,.88747017E-3,.3481E-4,0
UNKNOWN,,2026-05-08T23:31:32.529504,13.20354770,.04213199,82.5468,232.8121,242.7325,113.0301,0,U,270378,999,16089,.1540354E-2,.999E-5,0
UNKNOWN,,2026-05-06T06:04:10.562592,12.80985819,.02326265,82.5346,307.8671,218.4510,139.9818,0,U,270379,999,6215,.16510895E-1,.4278E-4,0
UNKNOWN,,2026-05-07T18:14:41.495136,12.63333584,.01873861,82.3453,298.7030,233.5465,124.8229,0,U,270380,999,15376,.83670775E-3,.172E-5,0
UNKNOWN,,2026-05-08T17:29:58.919424,14.12803905,.00674033,98.8090,124.2827,111.0175,249.8225,0,U,270382,999,16834,.68246375E-3,.1253E-4,0
UNKNOWN,,2026-05-07T14:25:55.953984,12.21696884,.00824245,82.4235,245.4347,21.5435,338.9068,0,U,270383,999,14350,-.10258151E-1,-.1085E-4,0
UNKNOWN,,2026-04-27T19:55:17.126976,12.62900844,.01609435,82.4843,166.9293,190.4925,169.2795,0,U,270384,999,14667,.33088428E-1,.6285E-4,0
UNKNOWN,,2026-05-09T09:08:17.365056,8.88590618,.27878574,84.7431,17.4622,119.1126,271.7097,0,U,270385,999,10242,.33736469E-1,.11574E-3,0
UNKNOWN,,2026-05-10T07:24:43.022592,13.85259940,.01613344,98.9022,80.5508,217.1352,141.8556,0,U,270386,999,15831,.20299664E-3,.213E-5,0
UNKNOWN,,2026-05-09T23:06:56.803680,14.20229802,.00107131,81.2089,325.4666,56.9523,303.2681,0,U,270387,999,15462,.16704934E-2,.3581E-4,0
UNKNOWN,,2026-05-02T23:29:04.493472,13.19588068,.02602571,82.2034,220.4702,351.7532,7.9350,0,U,270388,999,6151,.10439456E-1,.4987E-4,0
UNKNOWN,,2026-04-27T06:23:14.934048,12.78111901,.01781463,82.6122,314.9222,155.0456,205.9390,0,U,270389,999,13317,.25766589E-2,.622E-5,0
UNKNOWN,,2026-05-07T02:13:25.049856,13.94575162,.00203206,82.5152,52.5777,146.7904,213.4542,0,U,270390,999,32639,.65871629E-3,.896E-5,0
UNKNOWN,,2026-05-03T15:25:17.752512,13.95210482,.01261717,98.8730,90.6675,205.0621,154.4383,0,U,270391,999,17514,.2163597E-3,.27E-5,0
UNKNOWN,,2026-05-04T18:07:03.252000,14.11954717,.00425137,98.8314,127.4729,98.5783,262.0209,0,U,270392,999,16942,.29157006E-3,.494E-5,0
UNKNOWN,,2026-05-09T06:50:55.129056,14.17448377,.00180535,81.2252,330.6758,346.6115,13.4579,0,U,270393,999,15318,.50272748E-3,.1032E-4,0
UNKNOWN,,2026-05-10T03:22:41.240640,14.13535498,.00703742,89.0380,282.7832,326.8793,32.7996,0,U,270394,999,8990,.11738933E-3,.24E-5,0
UNKNOWN,,2026-05-07T07:20:04.764480,14.50939428,.0076958,98.7726,147.9989,188.3924,171.5988,0,U,270395,999,10601,.39359989E-2,.16138E-3,0
UNKNOWN,,2026-05-09T22:17:28.957632,14.08080316,.01014349,89.1121,288.9358,346.0494,13.7890,0,U,270396,999,8985,.2402799E-3,.441E-5,0
UNKNOWN,,2026-05-10T03:40:23.030112,14.17275440,.00734878,89.0463,283.1958,334.8987,24.8635,0,U,270397,999,9035,.856279E-3,.1788E-4,0
UNKNOWN,,2026-05-09T19:35:56.814720,14.09299013,.00972583,88.8513,269.2822,6.3946,353.8453,0,U,270398,999,8986,.60255222E-3,.1109E-4,0
UNKNOWN,,2026-05-09T21:37:30.826272,14.39373477,.00541387,88.9665,274.2913,100.1836,260.5477,0,U,270399,999,9184,.18037972E-3,.586E-5,0
UNKNOWN,,2026-05-09T21:10:56.398080,14.54058830,.01205543,88.9957,274.7237,36.8426,324.0990,0,U,270400,999,9278,.82669956E-4,.403E-5,0
UNKNOWN,,2026-05-09T21:37:47.010720,14.32446935,.00548154,89.0449,281.5213,357.4565,2.6345,0,U,270401,999,9121,.82128113E-3,.2273E-4,0
UNKNOWN,,2026-05-10T03:20:17.222208,14.53224127,.01163505,89.0279,277.4503,48.6254,312.4888,0,U,270402,999,9273,.15269344E-3,.711E-5,0
UNKNOWN,,2026-05-10T02:21:15.463296,14.50095669,.01201875,88.9454,271.1540,62.2275,299.1057,0,U,270403,999,9257,.74799382E-4,.338E-5,0
UNKNOWN,,2026-05-10T02:14:56.904288,14.27965009,.00506785,88.8831,269.3074,198.3142,161.6230,0,U,270404,999,9108,.1791667E-3,.465E-5,0
UNKNOWN,,2026-05-10T07:24:51.166656,14.17449132,.00608414,88.7556,261.0626,290.2078,69.2574,0,U,270405,999,9044,.18075754E-3,.387E-5,0
UNKNOWN,,2026-05-10T03:44:27.384864,14.13395884,.00735205,88.9984,279.7790,332.3935,27.3355,0,U,270406,999,8995,.31939245E-3,.628E-5,0
UNKNOWN,,2026-05-09T17:20:03.181920,14.11807310,.00827862,89.1993,295.0384,334.2214,25.4855,0,U,270407,999,9006,.24837791E-3,.48E-5,0
UNKNOWN,,2026-05-10T05:05:44.498112,14.03265436,.01246066,89.1793,294.2160,346.5225,13.2636,0,U,270408,999,4031,.20227939E-3,.35E-5,0
UNKNOWN,,2026-05-10T03:44:32.770176,14.25781130,.00205799,89.0004,278.5991,284.6570,75.2341,0,U,270409,999,9050,.3196864E-3,.775E-5,0
UNKNOWN,,2026-05-10T02:29:05.836992,14.36146670,.00380788,88.9485,273.2183,105.0066,255.5353,0,U,270410,999,9104,.11315464E-3,.348E-5,0
UNKNOWN,,2026-05-09T20:40:29.022528,14.28430386,.00162514,88.8730,268.4350,193.2435,166.8335,0,U,270411,999,9109,.83553299E-4,.224E-5,0
UNKNOWN,,2026-05-10T07:11:10.657824,14.20432904,.00403233,88.7151,257.5237,309.4805,50.2821,0,U,270412,999,9034,.24379451E-3,.541E-5,0
UNKNOWN,,2026-05-10T07:34:45.508800,14.71629412,.01389236,88.7489,252.5654,314.2693,44.7191,0,U,270413,999,9372,.19620823E-3,.1441E-4,0
UNKNOWN,,2026-05-09T09:46:14.961504,14.52156167,.01100813,89.0503,279.5159,62.8957,298.3429,0,U,270414,999,9251,.32608342E-3,.1449E-4,0
UNKNOWN,,2026-05-09T20:06:39.539232,14.50055273,.01160644,89.0726,281.3728,66.5088,294.8266,0,U,270415,999,9250,.14696003E-3,.64E-5,0
UNKNOWN,,2026-05-10T03:06:36.977760,14.66348791,.01258775,88.9902,273.1176,0.3156,359.8116,0,U,270416,999,9331,.26501232E-3,.1666E-4,0
UNKNOWN,,2026-05-10T03:24:04.207104,14.58909412,.01439493,88.9148,267.5105,18.4462,342.1892,0,U,270417,999,9247,.55501874E-4,.321E-5,0
UNKNOWN,,2026-05-10T06:50:27.274560,14.18705868,.00674393,88.7539,260.7653,357.8316,2.2571,0,U,270418,999,9051,.19641647E-3,.431E-5,0
UNKNOWN,,2026-05-09T20:20:40.466112,14.10147866,.00876644,89.0636,285.1439,334.1929,25.4894,0,U,270419,999,8950,.10346354E-3,.203E-5,0
UNKNOWN,,2026-05-09T21:38:18.101760,14.68489004,.01138828,89.1149,283.3665,1.4337,358.7183,0,U,270420,999,9275,.42847096E-3,.2758E-4,0
UNKNOWN,,2026-05-09T09:05:49.374816,13.98982997,.01433723,88.8997,274.5042,23.5171,337.2476,0,U,270421,999,8848,.32227265E-3,.522E-5,0
UNKNOWN,,2026-05-09T09:18:11.353824,14.04697607,.01815846,88.9073,274.9578,313.1730,45.4395,0,U,270422,999,8954,.25754879E-3,.489E-5,0
UNKNOWN,,2026-05-10T03:15:39.950784,14.18043109,.00522361,88.9976,279.2549,335.9906,23.8847,0,U,270423,999,8906,.78379679E-4,.177E-5,0
UNKNOWN,,2026-05-09T20:06:49.551264,14.52191000,.0092272,88.8767,265.5337,22.0487,338.4649,0,U,270424,999,9212,.15146741E-3,.667E-5,0
UNKNOWN,,2026-05-10T05:52:24.528576,14.69221541,.01208169,88.4882,232.6482,297.9181,60.9844,0,U,270425,999,9185,.52920523E-3,.3506E-4,0
UNKNOWN,,2026-05-10T03:39:46.979712,14.61259176,.01122621,89.0736,280.5268,25.1634,335.4989,0,U,270426,999,9112,.35499463E-3,.1933E-4,0
UNKNOWN,,2026-05-09T15:59:46.495104,14.65879597,.01060355,89.0162,275.6079,19.4803,341.0417,0,U,270427,999,9287,.5912083E-3,.353E-4,0
UNKNOWN,,2026-05-09T21:29:51.077184,14.65418675,.01373525,89.0225,275.6003,348.8390,10.9785,0,U,270428,999,9268,.17665797E-3,.1118E-4,0
UNKNOWN,,2026-05-10T04:11:21.768864,14.34757742,.00127641,87.8695,191.2204,350.1765,9.9181,0,U,270429,999,8995,.52466491E-3,.1504E-4,0
UNKNOWN,,2026-05-06T09:44:15.932544,14.16816947,.00574994,89.1017,287.6300,322.6548,37.0648,0,U,270430,999,8929,.18191055E-3,.383E-5,0
UNKNOWN,,2026-05-09T20:38:06.643104,14.14504773,.00817759,89.0296,282.1479,326.9386,32.6703,0,U,270431,999,8825,.50901838E-3,.102E-4,0
UNKNOWN,,2026-05-09T16:42:01.677600,14.15941854,.0061931,89.0710,285.0434,311.1203,48.4648,0,U,270432,999,8829,.18062989E-3,.375E-5,0
UNKNOWN,,2026-05-09T21:53:45.835584,14.15013450,.00635968,88.9958,279.5177,326.3708,33.3450,0,U,270433,999,8813,.11356502E-3,.238E-5,0
UNKNOWN,,2026-05-09T21:40:16.099104,14.12386357,.00984108,88.9518,276.7104,6.8680,353.3827,0,U,270434,999,8816,.59936402E-3,.117E-4,0
UNKNOWN,,2026-05-10T06:45:24.528960,14.31818646,.00159565,88.7271,257.0857,328.6508,31.3735,0,U,270435,999,8930,.78476305E-3,.2115E-4,0
UNKNOWN,,2026-05-09T20:55:50.542464,14.52856615,.0108277,89.0501,279.3387,50.4357,310.6355,0,U,270436,999,9185,.1477583E-3,.675E-5,0
UNKNOWN,,2026-05-09T16:28:03.099936,14.17517857,.00603491,89.0211,281.2713,326.2553,33.4799,0,U,270437,999,8848,.42704427E-3,.895E-5,0
UNKNOWN,,2026-05-09T16:22:14.157120,14.13560758,.02145284,88.9199,274.1050,263.8156,93.8554,0,U,270438,999,8809,.42451548E-3,.1008E-4,0
UNKNOWN,,2026-05-09T08:59:15.732096,14.62604476,.01381253,89.0107,275.1492,17.4979,343.0924,0,U,270439,999,9082,.17361469E-3,.1032E-4,0
UNKNOWN,,2026-05-10T06:10:49.397952,14.64105866,.00830006,89.6061,322.5487,305.2264,54.1200,0,U,270440,999,9086,.10313816E-2,.571E-4,0
UNKNOWN,,2026-05-10T03:17:21.046560,14.80215902,.01195483,89.0764,279.1643,311.5196,47.5817,0,U,270441,999,9168,.52753909E-3,.4551E-4,0
UNKNOWN,,2026-05-09T18:48:46.101024,14.34697248,.00758515,88.8104,262.8455,159.8747,200.5471,0,U,270442,999,8928,.40693434E-3,.1205E-4,0
UNKNOWN,,2026-05-09T02:59:33.346464,14.72943986,.01522531,89.0473,276.9979,317.0227,41.9177,0,U,270443,999,9168,.19681846E-3,.1538E-4,0
UNKNOWN,,2026-05-10T02:25:20.453952,14.73529003,.00465665,88.9534,270.7049,22.4019,337.9220,0,U,270444,999,9247,.12473237E-2,.8269E-4,0
UNKNOWN,,2026-05-09T20:43:11.983296,14.59108219,.00948408,88.8687,264.2487,14.7968,345.5983,0,U,270445,999,9084,.35859576E-3,.1814E-4,0
UNKNOWN,,2026-05-10T02:51:51.562656,14.55290592,.01006658,89.0803,281.5220,20.3297,340.1875,0,U,270447,999,9037,.18217686E-3,.863E-5,0
UNKNOWN,,2026-05-09T20:28:37.214400,14.14725484,.00712322,89.1489,290.9900,332.9839,26.7647,0,U,270448,999,8727,.32109152E-3,.646E-5,0
UNKNOWN,,2026-05-09T16:29:08.047680,14.19733934,.00434132,88.9841,278.0750,327.1288,32.7203,0,U,270449,999,8790,.11212685E-3,.253E-5,0

