t_gps,r_x,r_y,r_z,v_x,v_y,v_z
1461489059.934000,4252628.615891,453468.281074,4716584.639100,-33.055674,309.222048,0.074442
1461489064.934000,4252463.055684,455014.361078,4716585.012027,-33.168415,309.209975,0.074732
1461489069.934000,4252296.931781,456560.380615,4716585.386405,-33.281152,309.197861,0.075022
1461489074.934000,4252130.244203,458106.339480,4716585.762232,-33.393885,309.185706,0.075312
1461489079.934000,4251962.992972,459652.237466,4716586.139510,-33.506613,309.173510,0.075602
1461489084.934000,4251795.178111,461198.074368,4716586.518238,-33.619337,309.161273,0.075892
1461489089.934000,4251626.799642,462743.849982,4716586.898415,-33.732057,309.148994,0.076182
1461489094.934000,4251457.857587,464289.564100,4716587.280042,-33.844772,309.136675,0.076472
1461489099.934000,4251288.351969,465835.216519,4716587.663119,-33.957482,309.124314,0.076762
1461489104.934000,4251118.282811,467380.807032,4716588.047646,-34.070188,309.111913,0.077052
1461489109.934000,4250947.650134,468926.335433,4716588.433623,-34.182889,309.099470,0.077342
1461489114.934000,4250776.453962,470471.801519,4716588.821049,-34.295586,309.086986,0.077632
1461489119.934000,4250604.694318,472017.205082,4716589.209925,-34.408278,309.074461,0.077922
1461489124.934000,4250432.371223,473562.545918,4716589.600250,-34.520966,309.061895,0.078212
1461489129.934000,4250259.484702,475107.823821,4716589.992025,-34.633649,309.049288,0.078502
1461489134.934000,4250086.034777,476653.038585,4716590.385249,-34.746327,309.036640,0.078792
1461489139.934000,4249912.021471,478198.190006,4716590.779923,-34.859001,309.023951,0.079081
1461489144.934000,4249737.444808,479743.277878,4716591.176046,-34.971671,309.011220,0.079371
1461489149.934000,4249562.304810,481288.301995,4716591.573618,-35.084335,308.998449,0.079661
1461489154.934000,4249386.601501,482833.262153,4716591.972640,-35.196995,308.985636,0.079951
1461489159.934000,4249210.334904,484378.158145,4716592.373111,-35.309650,308.972783,0.080241
1461489164.934000,4249033.505043,485922.989766,4716592.775031,-35.422301,308.959888,0.080531
1461489169.934000,4248856.111940,487467.756811,4716593.178400,-35.534947,308.946952,0.080820
1461489174.934000,4248678.155621,489012.459075,4716593.583217,-35.647588,308.933975,0.081110
1461489179.934000,4248499.636107,490557.096352,4716593.989484,-35.760224,308.920958,0.081400
1461489184.934000,4248320.553424,492101.668438,4716594.397200,-35.872856,308.907899,0.081690
1461489189.934000,4248140.907595,493646.175125,4716594.806365,-35.985482,308.894799,0.081980
1461489194.934000,4247960.698644,495190.616210,4716595.216978,-36.098105,308.881657,0.082269
1461489199.934000,4247779.926594,496734.991487,4716595.629041,-36.210722,308.868475,0.082559
1461489204.934000,4247598.591470,498279.300751,4716596.042552,-36.323334,308.855252,0.082849
1461489209.934000,4247416.693296,499823.543796,4716596.457511,-36.435942,308.841988,0.083138
1461489214.934000,4247234.232096,501367.720417,4716596.873920,-36.548545,308.828683,0.083428
1461489219.934000,4247051.207894,502911.830408,4716597.291776,-36.661143,308.815336,0.083718
1461489224.934000,4246867.620715,504455.873566,4716597.711081,-36.773736,308.801949,0.084008
1461489229.934000,4246683.470582,505999.849683,4716598.131835,-36.886324,308.788520,0.084297
1461489234.934000,4246498.757522,507543.758556,4716598.554037,-36.998907,308.775051,0.084587
1461489239.934000,4246313.481557,509087.599978,4716598.977687,-37.111485,308.761540,0.084877
1461489244.934000,4246127.642713,510631.373745,4716599.402786,-37.224059,308.747989,0.085166
1461489249.934000,4245941.241015,512175.079651,4716599.829333,-37.336627,308.734396,0.085456
1461489254.934000,4245754.276487,513718.717491,4716600.257327,-37.449191,308.720762,0.085745
1461489259.934000,4245566.749154,515262.287060,4716600.686770,-37.561749,308.707087,0.086035
1461489264.934000,4245378.659040,516805.788152,4716601.117661,-37.674303,308.693372,0.086325
1461489269.934000,4245190.006172,518349.220564,4716601.550000,-37.786851,308.679615,0.086614
1461489274.934000,4245000.790574,519892.584088,4716601.983787,-37.899395,308.665817,0.086904
1461489279.934000,4244811.012271,521435.878521,4716602.419022,-38.011933,308.651978,0.087193
1461489284.934000,4244620.671288,522979.103656,4716602.855704,-38.124466,308.638098,0.087483
1461489289.934000,4244429.767651,524522.259290,4716603.293835,-38.236995,308.624177,0.087772
1461489294.934000,4244238.301386,526065.345216,4716603.733412,-38.349518,308.610215,0.088062
1461489299.934000,4244046.272517,527608.361229,4716604.174438,-38.462036,308.596212,0.088352
1461489304.934000,4243853.681070,529151.307126,4716604.616911,-38.574549,308.582168,0.088641
1461489309.934000,4243660.527070,530694.182699,4716605.060832,-38.687057,308.568083,0.088930
1461489314.934000,4243466.810544,532236.987744,4716605.506200,-38.799560,308.553957,0.089220
1461489319.934000,4243272.531518,533779.722057,4716605.953015,-38.912057,308.539790,0.089509
1461489324.934000,4243077.690016,535322.385432,4716606.401278,-39.024550,308.525582,0.089799
1461489329.934000,4242882.286065,536864.977663,4716606.850988,-39.137037,308.511333,0.090088
1461489334.934000,4242686.319690,538407.498547,4716607.302145,-39.249519,308.497043,0.090378
1461489339.934000,4242489.790919,539949.947877,4716607.754749,-39.361996,308.482712,0.090667
1461489344.934000,4242292.699777,541492.325449,4716608.208801,-39.474467,308.468339,0.090957
1461489349.934000,4242095.046290,543034.631058,4716608.664299,-39.586934,308.453926,0.091246
1461489354.934000,4241896.830484,544576.864498,4716609.121245,-39.699395,308.439472,0.091535
1461489359.934000,4241698.052387,546119.025565,4716609.579637,-39.811851,308.424977,0.091825
1461489364.934000,4241498.712023,547661.114054,4716610.039476,-39.924301,308.410441,0.092114
1461489369.934000,4241298.809420,549203.129759,4716610.500762,-40.036746,308.395864,0.092403
1461489374.934000,4241098.344605,550745.072476,4716610.963495,-40.149186,308.381245,0.092693
1461489379.934000,4240897.317604,552286.942000,4716611.427674,-40.261621,308.366586,0.092982
1461489384.934000,4240695.728443,553828.738126,4716611.893300,-40.374050,308.351886,0.093271
1461489389.934000,4240493.577150,555370.460648,4716612.360372,-40.486474,308.337145,0.093561
1461489394.934000,4240290.863751,556912.109362,4716612.828891,-40.598892,308.322363,0.093850
1461489399.934000,4240087.588274,558453.684063,4716613.298857,-40.711305,308.307540,0.094139
1461489404.934000,4239883.750745,559995.184546,4716613.770268,-40.823713,308.292676,0.094429
1461489409.934000,4239679.351191,561536.610605,4716614.243126,-40.936115,308.277770,0.094718
1461489414.934000,4239474.389640,563077.962037,4716614.717431,-41.048512,308.262824,0.095007
1461489419.934000,4239268.866119,564619.238636,4716615.193181,-41.160903,308.247837,0.095296
1461489424.934000,4239062.780655,566160.440198,4716615.670377,-41.273289,308.232809,0.095585
1461489429.934000,4238856.133276,567701.566516,4716616.149020,-41.385669,308.217740,0.095875
1461489434.934000,4238648.924008,569242.617388,4716616.629108,-41.498044,308.202630,0.096164
1461489439.934000,4238441.152881,570783.592607,4716617.110643,-41.610413,308.187479,0.096453
1461489444.934000,4238232.819920,572324.491969,4716617.593623,-41.722777,308.172287,0.096742
1461489449.934000,4238023.925155,573865.315268,4716618.078049,-41.835135,308.157055,0.097031
1461489454.934000,4237814.468612,575406.062301,4716618.563920,-41.947488,308.141781,0.097320
1461489459.934000,4237604.450320,576946.732862,4716619.051238,-42.059835,308.126466,0.097610
1461489464.934000,4237393.870306,578487.326747,4716619.540001,-42.172177,308.111110,0.097899
1461489469.934000,4237182.728598,580027.843751,4716620.030209,-42.284513,308.095713,0.098188
1461489474.934000,4236971.025226,581568.283668,4716620.521863,-42.396843,308.080276,0.098477
1461489479.934000,4236758.760215,583108.646294,4716621.014962,-42.509168,308.064797,0.098766
1461489484.934000,4236545.933596,584648.931425,4716621.509507,-42.621487,308.049277,0.099055
1461489489.934000,4236332.545396,586189.138856,4716622.005497,-42.733800,308.033717,0.099344
1461489494.934000,4236118.595643,587729.268381,4716622.502932,-42.846108,308.018115,0.099633
1461489499.934000,4235904.084367,589269.319796,4716623.001812,-42.958409,308.002473,0.099922
1461489504.934000,4235689.011595,590809.292897,4716623.502137,-43.070706,307.986789,0.100211
1461489509.934000,4235473.377356,592349.187478,4716624.003907,-43.182996,307.971065,0.100500
1461489514.934000,4235257.181678,593889.003336,4716624.507122,-43.295281,307.955300,0.100789
1461489519.934000,4235040.424592,595428.740264,4716625.011782,-43.407560,307.939494,0.101078
1461489524.934000,4234823.106124,596968.398060,4716625.517887,-43.519833,307.923646,0.101367
1461489529.934000,4234605.226305,598507.976517,4716626.025436,-43.632101,307.907758,0.101656
1461489534.934000,4234386.785163,600047.475431,4716626.534431,-43.744362,307.891829,0.101945
1461489539.934000,4234167.782727,601586.894598,4716627.044869,-43.856618,307.875859,0.102234
1461489544.934000,4233948.219026,603126.233812,4716627.556753,-43.968868,307.859849,0.102523
1461489549.934000,4233728.094090,604665.492870,4716628.070080,-44.081112,307.843797,0.102811
1461489554.934000,4233507.407948,606204.671567,4716628.584852,-44.193351,307.827704,0.103100
1461489559.934000,4233286.160629,607743.769698,4716629.101069,-44.305583,307.811570,0.103389
1461489564.934000,4233064.352162,609282.787058,4716629.618729,-44.417810,307.795396,0.103678
1461489569.934000,4232841.982578,610821.723443,4716630.137834,-44.530030,307.779180,0.103967
1461489574.934000,4232619.051905,612360.578648,4716630.658383,-44.642245,307.762924,0.104256
1461489579.934000,4232395.560173,613899.352469,4716631.180376,-44.754454,307.746627,0.104544
1461489584.934000,4232171.507412,615438.044700,4716631.703813,-44.866657,307.730288,0.104833
1461489589.934000,4231946.893651,616976.655139,4716632.228694,-44.978854,307.713909,0.105122
1461489594.934000,4231721.718922,618515.183580,4716632.755019,-45.091045,307.697489,0.105411
1461489599.934000,4231495.983253,620053.629818,4716633.282787,-45.203229,307.681028,0.105699
1461489604.934000,4231269.686674,621591.993649,4716633.811999,-45.315408,307.664526,0.105988
1461489609.934000,4231042.829216,623130.274868,4716634.342655,-45.427581,307.647984,0.106277
1461489614.934000,4230815.410908,624668.473272,4716634.874754,-45.539748,307.631400,0.106566
1461489619.934000,4230587.431782,626206.588655,4716635.408297,-45.651909,307.614775,0.106854
1461489624.934000,4230358.891867,627744.620813,4716635.943283,-45.764064,307.598110,0.107143
1461489629.934000,4230129.791193,629282.569541,4716636.479713,-45.876212,307.581404,0.107432
1461489634.934000,4229900.129792,630820.434636,4716637.017586,-45.988355,307.564656,0.107720
1461489639.934000,4229669.907693,632358.215893,4716637.556902,-46.100491,307.547868,0.108009
1461489644.934000,4229439.124928,633895.913106,4716638.097661,-46.212621,307.531039,0.108297
1461489649.934000,4229207.781526,635433.526073,4716638.639863,-46.324746,307.514169,0.108586
1461489654.934000,4228975.877520,636971.054588,4716639.183508,-46.436864,307.497259,0.108875
1461489659.934000,4228743.412938,638508.498447,4716639.728596,-46.548975,307.480307,0.109163
1461489664.934000,4228510.387813,640045.857445,4716640.275127,-46.661081,307.463315,0.109452
1461489669.934000,4228276.802176,641583.131379,4716640.823100,-46.773180,307.446281,0.109740
1461489674.934000,4228042.656057,643120.320044,4716641.372517,-46.885274,307.429207,0.110029
1461489679.934000,4227807.949487,644657.423236,4716641.923376,-46.997361,307.412092,0.110317
1461489684.934000,4227572.682499,646194.440749,4716642.475677,-47.109441,307.394936,0.110606
1461489689.934000,4227336.855122,647731.372380,4716643.029421,-47.221516,307.377739,0.110894
1461489694.934000,4227100.467389,649268.217926,4716643.584608,-47.333584,307.360501,0.111183
1461489699.934000,4226863.519331,650804.977180,4716644.141236,-47.445646,307.343223,0.111471
1461489704.934000,4226626.010979,652341.649939,4716644.699307,-47.557701,307.325903,0.111760
1461489709.934000,4226387.942364,653878.235999,4716645.258820,-47.669751,307.308543,0.112048
1461489714.934000,4226149.313520,655414.735156,4716645.819775,-47.781794,307.291142,0.112337
1461489719.934000,4225910.124476,656951.147204,4716646.382173,-47.893830,307.273700,0.112625
1461489724.934000,4225670.375266,658487.471941,4716646.946012,-48.005860,307.256217,0.112913
1461489729.934000,4225430.065921,660023.709161,4716647.511293,-48.117884,307.238693,0.113202
1461489734.934000,4225189.196472,661559.858661,4716648.078016,-48.229902,307.221129,0.113490
1461489739.934000,4224947.766953,663095.920236,4716648.646180,-48.341913,307.203523,0.113778
1461489744.934000,4224705.777394,664631.893682,4716649.215786,-48.453917,307.185877,0.114067
1461489749.934000,4224463.227829,666167.778795,4716649.786834,-48.565915,307.168190,0.114355
1461489754.934000,4224220.118289,667703.575371,4716650.359323,-48.677907,307.150462,0.114643
1461489759.934000,4223976.448807,669239.283205,4716650.933254,-48.789892,307.132694,0.114932
1461489764.934000,4223732.219415,670774.902093,4716651.508626,-48.901871,307.114884,0.115220
1461489769.934000,4223487.430145,672310.431832,4716652.085439,-49.013843,307.097034,0.115508
1461489774.934000,4223242.081031,673845.872217,4716652.663694,-49.125809,307.079142,0.115796
1461489779.934000,4222996.172105,675381.223044,4716653.243390,-49.237768,307.061210,0.116084
1461489784.934000,4222749.703398,676916.484109,4716653.824526,-49.349721,307.043238,0.116373
1461489789.934000,4222502.674946,678451.655207,4716654.407104,-49.461667,307.025224,0.116661
1461489794.934000,4222255.086779,679986.736135,4716654.991122,-49.573606,307.007169,0.116949
1461489799.934000,4222006.938931,681521.726689,4716655.576582,-49.685539,306.989074,0.117237
1461489804.934000,4221758.231435,683056.626665,4716656.163482,-49.797466,306.970938,0.117525
1461489809.934000,4221508.964324,684591.435858,4716656.751822,-49.909385,306.952761,0.117813
1461489814.934000,4221259.137631,686126.154064,4716657.341604,-50.021298,306.934544,0.118102
1461489819.934000,4221008.751390,687660.781080,4716657.932825,-50.133205,306.916285,0.118390
1461489824.934000,4220757.805633,689195.316701,4716658.525488,-50.245104,306.897986,0.118678
1461489829.934000,4220506.300394,690729.760725,4716659.119590,-50.356997,306.879646,0.118966
1461489834.934000,4220254.235707,692264.112945,4716659.715133,-50.468884,306.861265,0.119254
1461489839.934000,4220001.611604,693798.373159,4716660.312116,-50.580763,306.842843,0.119542
1461489844.934000,4219748.428120,695332.541162,4716660.910539,-50.692636,306.824381,0.119830
1461489849.934000,4219494.685289,696866.616752,4716661.510402,-50.804503,306.805877,0.120118
1461489854.934000,4219240.383143,698400.599722,4716662.111705,-50.916362,306.787333,0.120406
1461489859.934000,4218985.521717,699934.489871,4716662.714448,-51.028215,306.768748,0.120694
1461489864.934000,4218730.101045,701468.286993,4716663.318630,-51.140061,306.750123,0.120982
1461489869.934000,4218474.121160,703001.990885,4716663.924252,-51.251900,306.731456,0.121270
1461489874.934000,4218217.582096,704535.601344,4716664.531314,-51.363732,306.712749,0.121558
1461489879.934000,4217960.483889,706069.118164,4716665.139816,-51.475557,306.694001,0.121845
1461489884.934000,4217702.826571,707602.541143,4716665.749757,-51.587376,306.675212,0.122133
1461489889.934000,4217444.610178,709135.870077,4716666.361137,-51.699188,306.656383,0.122421
1461489894.934000,4217185.834743,710669.104760,4716666.973957,-51.810993,306.637513,0.122709
1461489899.934000,4216926.500300,712202.244991,4716667.588215,-51.922791,306.618602,0.122997
1461489904.934000,4216666.606885,713735.290565,4716668.203913,-52.034582,306.599650,0.123285
1461489909.934000,4216406.154532,715268.241278,4716668.821050,-52.146366,306.580657,0.123572
1461489914.934000,4216145.143276,716801.096926,4716669.439626,-52.258143,306.561624,0.123860
1461489919.934000,4215883.573150,718333.857306,4716670.059641,-52.369913,306.542550,0.124148
1461489924.934000,4215621.444191,719866.522214,4716670.681095,-52.481677,306.523435,0.124436
1461489929.934000,4215358.756433,721399.091446,4716671.303987,-52.593433,306.504280,0.124723
1461489934.934000,4215095.509910,722931.564799,4716671.928318,-52.705182,306.485083,0.125011
1461489939.934000,4214831.704658,724463.942068,4716672.554088,-52.816925,306.465846,0.125299
1461489944.934000,4214567.340711,725996.223049,4716673.181296,-52.928660,306.446569,0.125587
1461489949.934000,4214302.418106,727528.407541,4716673.809942,-53.040388,306.427250,0.125874
1461489954.934000,4214036.936877,729060.495338,4716674.440027,-53.152110,306.407891,0.126162
1461489959.934000,4213770.897059,730592.486236,4716675.071550,-53.263824,306.388491,0.126450
1461489964.934000,4213504.298688,732124.380033,4716675.704511,-53.375531,306.369050,0.126737
1461489969.934000,4213237.141800,733656.176525,4716676.338910,-53.487231,306.349569,0.127025
1461489974.934000,4212969.426429,735187.875507,4716676.974747,-53.598924,306.330047,0.127312
1461489979.934000,4212701.152612,736719.476777,4716677.612022,-53.710610,306.310484,0.127600
1461489984.934000,4212432.320383,738250.980131,4716678.250735,-53.822288,306.290880,0.127887
1461489989.934000,4212162.929780,739782.385365,4716678.890885,-53.933960,306.271236,0.128175
1461489994.934000,4211892.980837,741313.692275,4716679.532473,-54.045624,306.251551,0.128462
1461489999.934000,4211622.473590,742844.900659,4716680.175499,-54.157281,306.231825,0.128750
1461490004.934000,4211351.408076,744376.010311,4716680.819962,-54.268931,306.212058,0.129037
1461490009.934000,4211079.784330,745907.021030,4716681.465862,-54.380574,306.192251,0.129325
1461490014.934000,4210807.602389,747437.932611,4716682.113200,-54.492209,306.172403,0.129612
1461490019.934000,4210534.862289,748968.744851,4716682.761975,-54.603837,306.152515,0.129900
1461490024.934000,4210261.564066,750499.457546,4716683.412187,-54.715458,306.132585,0.130187
1461490029.934000,4209987.707756,752030.070493,4716684.063836,-54.827072,306.112616,0.130475
1461490034.934000,4209713.293396,753560.583489,4716684.716922,-54.938678,306.092605,0.130762
1461490039.934000,4209438.321022,755090.996329,4716685.371445,-55.050277,306.072553,0.131049
1461490044.934000,4209162.790670,756621.308811,4716686.027405,-55.161869,306.052461,0.131337
1461490049.934000,4208886.702379,758151.520731,4716686.684801,-55.273454,306.032329,0.131624
1461490054.934000,4208610.056183,759681.631886,4716687.343634,-55.385031,306.012155,0.131911
1461490059.934000,4208332.852120,761211.642071,4716688.003904,-55.496601,305.991941,0.132199
1461490064.934000,4208055.090227,762741.551085,4716688.665609,-55.608163,305.971686,0.132486
1461490069.934000,4207776.770541,764271.358723,4716689.328752,-55.719718,305.951391,0.132773
1461490074.934000,4207497.893098,765801.064782,4716689.993330,-55.831265,305.931055,0.133060
1461490079.934000,4207218.457936,767330.669059,4716690.659345,-55.942806,305.910678,0.133348
1461490084.934000,4206938.465092,768860.171350,4716691.326795,-56.054338,305.890261,0.133635
1461490089.934000,4206657.914603,770389.571452,4716691.995682,-56.165864,305.869802,0.133922
1461490094.934000,4206376.806507,771918.869162,4716692.666004,-56.277381,305.849304,0.134209
1461490099.934000,4206095.140840,773448.064277,4716693.337763,-56.388892,305.828764,0.134496
1461490104.934000,4205812.917641,774977.156592,4716694.010957,-56.500394,305.808184,0.134783
1461490109.934000,4205530.136946,776506.145906,4716694.685586,-56.611890,305.787563,0.135070
1461490114.934000,4205246.798794,778035.032013,4716695.361651,-56.723378,305.766902,0.135358
1461490119.934000,4204962.903221,779563.814713,4716696.039152,-56.834858,305.746200,0.135645
1461490124.934000,4204678.450267,781092.493800,4716696.718088,-56.946330,305.725457,0.135932
1461490129.934000,4204393.439967,782621.069073,4716697.398459,-57.057796,305.704674,0.136219
1461490134.934000,4204107.872362,784149.540327,4716698.080265,-57.169253,305.683850,0.136506
1461490139.934000,4203821.747487,785677.907359,4716698.763507,-57.280703,305.662985,0.136793
1461490144.934000,4203535.065383,787206.169967,4716699.448183,-57.392145,305.642080,0.137080
1461490149.934000,4203247.826085,788734.327947,4716700.134295,-57.503580,305.621134,0.137367
1461490154.934000,4202960.029634,790262.381096,4716700.821841,-57.615007,305.600148,0.137654
1461490159.934000,4202671.676066,791790.329211,4716701.510822,-57.726426,305.579121,0.137941
1461490164.934000,4202382.765421,793318.172089,4716702.201237,-57.837838,305.558053,0.138227
1461490169.934000,4202093.297737,794845.909526,4716702.893087,-57.949242,305.536944,0.138514
1461490174.934000,4201803.273051,796373.541320,4716703.586371,-58.060638,305.515795,0.138801
1461490179.934000,4201512.691404,797901.067268,4716704.281090,-58.172027,305.494606,0.139088
1461490184.934000,4201221.552833,799428.487166,4716704.977243,-58.283408,305.473376,0.139375
1461490189.934000,4200929.857377,800955.800811,4716705.674830,-58.394781,305.452105,0.139662
1461490194.934000,4200637.605075,802483.008000,4716706.373852,-58.506146,305.430793,0.139949
1461490199.934000,4200344.795965,804010.108531,4716707.074307,-58.617504,305.409441,0.140235
1461490204.934000,4200051.430087,805537.102201,4716707.776196,-58.728854,305.388049,0.140522
1461490209.934000,4199757.507480,807063.988805,4716708.479519,-58.840196,305.366615,0.140809
1461490214.934000,4199463.028183,808590.768142,4716709.184275,-58.951530,305.345142,0.141096
1461490219.934000,4199167.992235,810117.440008,4716709.890466,-59.062856,305.323627,0.141382
1461490224.934000,4198872.399674,811644.004201,4716710.598089,-59.174174,305.302072,0.141669
1461490229.934000,4198576.250541,813170.460517,4716711.307146,-59.285485,305.280477,0.141956
1461490234.934000,4198279.544875,814696.808753,4716712.017637,-59.396788,305.258840,0.142242
1461490239.934000,4197982.282715,816223.048707,4716712.729560,-59.508083,305.237164,0.142529
1461490244.934000,4197684.464101,817749.180176,4716713.442917,-59.619369,305.215446,0.142816
1461490249.934000,4197386.089072,819275.202957,4716714.157707,-59.730648,305.193688,0.143102
1461490254.934000,4197087.157668,820801.116847,4716714.873930,-59.841919,305.171890,0.143389
1461490259.934000,4196787.669929,822326.921643,4716715.591585,-59.953183,305.150051,0.143675
1461490264.934000,4196487.625894,823852.617142,4716716.310674,-60.064438,305.128171,0.143962
1461490269.934000,4196187.025604,825378.203142,4716717.031195,-60.175685,305.106251,0.144248
1461490274.934000,4195885.869098,826903.679440,4716717.753148,-60.286924,305.084290,0.144535
1461490279.934000,4195584.156416,828429.045832,4716718.476534,-60.398155,305.062289,0.144821
1461490284.934000,4195281.887599,829954.302116,4716719.201353,-60.509378,305.040247,0.145108
1461490289.934000,4194979.062687,831479.448090,4716719.927603,-60.620593,305.018165,0.145394
1461490294.934000,4194675.681720,833004.483551,4716720.655286,-60.731800,304.996042,0.145681
1461490299.934000,4194371.744738,834529.408295,4716721.384401,-60.842999,304.973878,0.145967
1461490304.934000,4194067.251781,836054.222120,4716722.114948,-60.954190,304.951674,0.146253
1461490309.934000,4193762.202891,837578.924824,4716722.846927,-61.065373,304.929430,0.146540
1461490314.934000,4193456.598108,839103.516204,4716723.580337,-61.176547,304.907144,0.146826
1461490319.934000,4193150.437472,840627.996056,4716724.315179,-61.287714,304.884819,0.147112
1461490324.934000,4192843.721024,842152.364179,4716725.051453,-61.398872,304.862453,0.147399
1461490329.934000,4192536.448805,843676.620370,4716725.789159,-61.510022,304.840046,0.147685
1461490334.934000,4192228.620855,845200.764426,4716726.528295,-61.621164,304.817599,0.147971
1461490339.934000,4191920.237216,846724.796145,4716727.268863,-61.732298,304.795111,0.148258
1461490344.934000,4191611.297929,848248.715323,4716728.010863,-61.843423,304.772583,0.148544
1461490349.934000,4191301.803034,849772.521759,4716728.754293,-61.954541,304.750014,0.148830
1461490354.934000,4190991.752573,851296.215250,4716729.499154,-62.065650,304.727405,0.149116
1461490359.934000,4190681.146588,852819.795592,4716730.245446,-62.176751,304.704755,0.149402
1461490364.934000,4190369.985118,854343.262585,4716730.993169,-62.287843,304.682064,0.149688
1461490369.934000,4190058.268206,855866.616024,4716731.742323,-62.398928,304.659334,0.149975
1461490374.934000,4189745.995894,857389.855708,4716732.492907,-62.510004,304.636562,0.150261
1461490379.934000,4189433.168222,858912.981435,4716733.244922,-62.621071,304.613750,0.150547
1461490384.934000,4189119.785232,860435.993001,4716733.998367,-62.732131,304.590898,0.150833
1461490389.934000,4188805.846966,861958.890204,4716734.753243,-62.843182,304.568005,0.151119
1461490394.934000,4188491.353466,863481.672842,4716735.509549,-62.954225,304.545072,0.151405
1461490399.934000,4188176.304773,865004.340712,4716736.267284,-63.065259,304.522098,0.151691
1461490404.934000,4187860.700929,866526.893612,4716737.026450,-63.176285,304.499084,0.151977
1461490409.934000,4187544.541977,868049.331340,4716737.787046,-63.287302,304.476029,0.152263
1461490414.934000,4187227.827958,869571.653693,4716738.549071,-63.398312,304.452934,0.152549
1461490419.934000,4186910.558914,871093.860468,4716739.312527,-63.509312,304.429798,0.152835
1461490424.934000,4186592.734888,872615.951464,4716740.077412,-63.620304,304.406622,0.153121
1461490429.934000,4186274.355922,874137.926477,4716740.843726,-63.731288,304.383406,0.153407
1461490434.934000,4185955.422058,875659.785307,4716741.611470,-63.842264,304.360148,0.153692
1461490439.934000,4185635.933338,877181.527750,4716742.380642,-63.953230,304.336851,0.153978
1461490444.934000,4185315.889806,878703.153604,4716743.151245,-64.064189,304.313513,0.154264
1461490449.934000,4184995.291503,880224.662666,4716743.923276,-64.175139,304.290134,0.154550
1461490454.934000,4184674.138472,881746.054736,4716744.696736,-64.286080,304.266716,0.154836
1461490459.934000,4184352.430756,883267.329609,4716745.471625,-64.397013,304.243256,0.155121
1461490464.934000,4184030.168398,884788.487085,4716746.247943,-64.507937,304.219756,0.155407
1461490469.934000,4183707.351440,886309.526960,4716747.025690,-64.618853,304.196216,0.155693
1461490474.934000,4183383.979926,887830.449034,4716747.804865,-64.729760,304.172635,0.155979
1461490479.934000,4183060.053898,889351.253102,4716748.585469,-64.840658,304.149014,0.156264
1461490484.934000,4182735.573399,890871.938964,4716749.367501,-64.951548,304.125353,0.156550
1461490489.934000,4182410.538473,892392.506417,4716750.150961,-65.062429,304.101651,0.156836
1461490494.934000,4182084.949163,893912.955259,4716750.935849,-65.173301,304.077908,0.157121
1461490499.934000,4181758.805512,895433.285287,4716751.722166,-65.284165,304.054125,0.157407
1461490504.934000,4181432.107563,896953.496301,4716752.509910,-65.395020,304.030302,0.157692
1461490509.934000,4181104.855360,898473.588097,4716753.299082,-65.505867,304.006439,0.157978
1461490514.934000,4180777.048947,899993.560474,4716754.089682,-65.616705,303.982534,0.158263
1461490519.934000,4180448.688366,901513.413229,4716754.881710,-65.727534,303.958590,0.158549
1461490524.934000,4180119.773662,903033.146161,4716755.675165,-65.838354,303.934605,0.158834
1461490529.934000,4179790.304879,904552.759067,4716756.470047,-65.949166,303.910580,0.159120
1461490534.934000,4179460.282059,906072.251746,4716757.266357,-66.059968,303.886514,0.159405
1461490539.934000,4179129.705248,907591.623995,4716758.064094,-66.170762,303.862408,0.159691
1461490544.934000,4178798.574488,909110.875612,4716758.863259,-66.281548,303.838261,0.159976
1461490549.934000,4178466.889824,910630.006396,4716759.663850,-66.392324,303.814074,0.160262
1461490554.934000,4178134.651301,912149.016144,4716760.465868,-66.503092,303.789847,0.160547
1461490559.934000,4177801.858962,913667.904655,4716761.269313,-66.613850,303.765580,0.160832
1461490564.934000,4177468.512851,915186.671727,4716762.074184,-66.724600,303.741271,0.161118
1461490569.934000,4177134.613013,916705.317158,4716762.880482,-66.835341,303.716923,0.161403
1461490574.934000,4176800.159492,918223.840745,4716763.688207,-66.946073,303.692534,0.161688
1461490579.934000,4176465.152332,919742.242288,4716764.497358,-67.056797,303.668105,0.161973
1461490584.934000,4176129.591579,921260.521583,4716765.307935,-67.167511,303.643635,0.162259
1461490589.934000,4175793.477277,922778.678430,4716766.119938,-67.278216,303.619126,0.162544
1461490594.934000,4175456.809470,924296.712627,4716766.933367,-67.388913,303.594575,0.162829
1461490599.934000,4175119.588203,925814.623971,4716767.748223,-67.499600,303.569985,0.163114
1461490604.934000,4174781.813521,927332.412261,4716768.564504,-67.610279,303.545354,0.163399
1461490609.934000,4174443.485469,928850.077295,4716769.382211,-67.720948,303.520682,0.163684
1461490614.934000,4174104.604092,930367.618872,4716770.201343,-67.831609,303.495971,0.163970
1461490619.934000,4173765.169435,931885.036789,4716771.021901,-67.942260,303.471219,0.164255
1461490624.934000,4173425.181544,933402.330846,4716771.843884,-68.052903,303.446426,0.164540
1461490629.934000,4173084.640462,934919.500839,4716772.667293,-68.163536,303.421593,0.164825
1461490634.934000,4172743.546236,936436.546568,4716773.492126,-68.274161,303.396720,0.165110
1461490639.934000,4172401.898911,937953.467831,4716774.318385,-68.384776,303.371807,0.165395
1461490644.934000,4172059.698532,939470.264426,4716775.146069,-68.495382,303.346853,0.165680
1461490649.934000,4171716.945145,940986.936152,4716775.975177,-68.605979,303.321859,0.165965
1461490654.934000,4171373.638795,942503.482807,4716776.805710,-68.716567,303.296825,0.166250
1461490659.934000,4171029.779529,944019.904189,4716777.637668,-68.827146,303.271750,0.166535
1461490664.934000,4170685.367391,945536.200097,4716778.471051,-68.937716,303.246635,0.166819
1461490669.934000,4170340.402427,947052.370329,4716779.305857,-69.048276,303.221480,0.167104
1461490674.934000,4169994.884684,948568.414684,4716780.142088,-69.158827,303.196284,0.167389
1461490679.934000,4169648.814208,950084.332959,4716780.979743,-69.269370,303.171048,0.167674
1461490684.934000,4169302.191043,951600.124955,4716781.818823,-69.379902,303.145772,0.167959
1461490689.934000,4168955.015237,953115.790468,4716782.659326,-69.490426,303.120456,0.168244
1461490694.934000,4168607.286836,954631.329298,4716783.501253,-69.600941,303.095099,0.168528
1461490699.934000,4168259.005885,956146.741243,4716784.344604,-69.711446,303.069702,0.168813
1461490704.934000,4167910.172431,957662.026102,4716785.189378,-69.821942,303.044264,0.169098
1461490709.934000,4167560.786521,959177.183673,4716786.035576,-69.932429,303.018786,0.169382
1461490714.934000,4167210.848200,960692.213755,4716786.883197,-70.042906,302.993269,0.169667
1461490719.934000,4166860.357516,962207.116146,4716787.732242,-70.153374,302.967710,0.169952
1461490724.934000,4166509.314515,963721.890645,4716788.582709,-70.263833,302.942112,0.170236
1461490729.934000,4166157.719244,965236.537051,4716789.434600,-70.374282,302.916473,0.170521
1461490734.934000,4165805.571749,966751.055162,4716790.287914,-70.484722,302.890794,0.170805
1461490739.934000,4165452.872077,968265.444778,4716791.142650,-70.595153,302.865074,0.171090
1461490744.934000,4165099.620275,969779.705695,4716791.998809,-70.705574,302.839315,0.171375
1461490749.934000,4164745.816391,971293.837714,4716792.856391,-70.815986,302.813515,0.171659
1461490754.934000,4164391.460470,972807.840633,4716793.715395,-70.926388,302.787675,0.171944
1461490759.934000,4164036.552561,974321.714251,4716794.575822,-71.036782,302.761795,0.172228
1461490764.934000,4163681.092710,975835.458367,4716795.437671,-71.147165,302.735874,0.172512
1461490769.934000,4163325.080965,977349.072778,4716796.300942,-71.257539,302.709913,0.172797
1461490774.934000,4162968.517372,978862.557285,4716797.165635,-71.367904,302.683912,0.173081
1461490779.934000,4162611.401980,980375.911686,4716798.031750,-71.478259,302.657871,0.173366
1461490784.934000,4162253.734836,981889.135779,4716798.899286,-71.588605,302.631789,0.173650
1461490789.934000,4161895.515988,983402.229364,4716799.768245,-71.698941,302.605667,0.173934
1461490794.934000,4161536.745482,984915.192239,4716800.638625,-71.809268,302.579505,0.174219
1461490799.934000,4161177.423367,986428.024203,4716801.510426,-71.919585,302.553303,0.174503
1461490804.934000,4160817.549690,987940.725056,4716802.383649,-72.029892,302.527060,0.174787
1461490809.934000,4160457.124500,989453.294596,4716803.258293,-72.140190,302.500778,0.175071
1461490814.934000,4160096.147844,990965.732621,4716804.134358,-72.250479,302.474455,0.175356
1461490819.934000,4159734.619770,992478.038932,4716805.011844,-72.360757,302.448092,0.175640
1461490824.934000,4159372.540326,993990.213326,4716805.890750,-72.471026,302.421688,0.175924
1461490829.934000,4159009.909561,995502.255604,4716806.771078,-72.581286,302.395245,0.176208
1461490834.934000,4158646.727523,997014.165563,4716807.652826,-72.691536,302.368761,0.176492
1461490839.934000,4158282.994259,998525.943003,4716808.535995,-72.801776,302.342237,0.176776
1461490844.934000,4157918.709819,1000037.587723,4716809.420584,-72.912006,302.315673,0.177060
1461490849.934000,4157553.874250,1001549.099521,4716810.306594,-73.022227,302.289069,0.177344
1461490854.934000,4157188.487601,1003060.478198,4716811.194023,-73.132438,302.262424,0.177628
1461490859.934000,4156822.549921,1004571.723552,4716812.082873,-73.242640,302.235740,0.177912
1461490864.934000,4156456.061259,1006082.835382,4716812.973142,-73.352831,302.209015,0.178196
1461490869.934000,4156089.021662,1007593.813487,4716813.864832,-73.463013,302.182250,0.178480
1461490874.934000,4155721.431181,1009104.657667,4716814.757941,-73.573185,302.155444,0.178764
1461490879.934000,4155353.289863,1010615.367720,4716815.652469,-73.683348,302.128599,0.179048
1461490884.934000,4154984.597758,1012125.943446,4716816.548417,-73.793500,302.101714,0.179332
1461490889.934000,4154615.354915,1013636.384644,4716817.445785,-73.903643,302.074788,0.179616
1461490894.934000,4154245.561383,1015146.691113,4716818.344571,-74.013776,302.047822,0.179900
1461490899.934000,4153875.217210,1016656.862653,4716819.244777,-74.123899,302.020816,0.180183
1461490904.934000,4153504.322447,1018166.899062,4716820.146401,-74.234012,301.993770,0.180467
1461490909.934000,4153132.877142,1019676.800140,4716821.049445,-74.344116,301.966684,0.180751
1461490914.934000,4152760.881345,1021186.565686,4716821.953907,-74.454209,301.939557,0.181035
1461490919.934000,4152388.335106,1022696.195499,4716822.859788,-74.564293,301.912391,0.181318
1461490924.934000,4152015.238473,1024205.689379,4716823.767087,-74.674366,301.885184,0.181602
1461490929.934000,4151641.591497,1025715.047126,4716824.675805,-74.784430,301.857937,0.181886
1461490934.934000,4151267.394227,1027224.268537,4716825.585941,-74.894484,301.830650,0.182169
1461490939.934000,4150892.646712,1028733.353414,4716826.497495,-75.004528,301.803323,0.182453
1461490944.934000,4150517.349004,1030242.301555,4716827.410467,-75.114562,301.775956,0.182737
1461490949.934000,4150141.501151,1031751.112759,4716828.324857,-75.224586,301.748548,0.183020
1461490954.934000,4149765.103204,1033259.786826,4716829.240665,-75.334600,301.721101,0.183304
1461490959.934000,4149388.155212,1034768.323556,4716830.157890,-75.444603,301.693613,0.183587
1461490964.934000,4149010.657226,1036276.722748,4716831.076533,-75.554597,301.666086,0.183871
1461490969.934000,4148632.609296,1037784.984201,4716831.996593,-75.664581,301.638518,0.184154
1461490974.934000,4148254.011472,1039293.107715,4716832.918071,-75.774555,301.610910,0.184438
1461490979.934000,4147874.863804,1040801.093089,4716833.840965,-75.884518,301.583262,0.184721
1461490984.934000,4147495.166343,1042308.940123,4716834.765277,-75.994472,301.555574,0.185004
1461490989.934000,4147114.919140,1043816.648617,4716835.691006,-76.104416,301.527846,0.185288
1461490994.934000,4146734.122244,1045324.218370,4716836.618151,-76.214349,301.500078,0.185571
1461490999.934000,4146352.775707,1046831.649181,4716837.546713,-76.324272,301.472269,0.185854
1461491004.934000,4145970.879580,1048338.940851,4716838.476692,-76.434185,301.444421,0.186138
1461491009.934000,4145588.433912,1049846.093179,4716839.408087,-76.544088,301.416532,0.186421
1461491014.934000,4145205.438755,1051353.105964,4716840.340898,-76.653981,301.388604,0.186704
1461491019.934000,4144821.894160,1052859.979006,4716841.275126,-76.763863,301.360635,0.186987
1461491024.934000,4144437.800177,1054366.712105,4716842.210769,-76.873736,301.332627,0.187271
1461491029.934000,4144053.156859,1055873.305061,4716843.147829,-76.983598,301.304578,0.187554
1461491034.934000,4143667.964255,1057379.757673,4716844.086304,-77.093450,301.276489,0.187837
1461491039.934000,4143282.222417,1058886.069741,4716845.026195,-77.203291,301.248360,0.188120
1461491044.934000,4142895.931397,1060392.241064,4716845.967501,-77.313123,301.220191,0.188403
1461491049.934000,4142509.091246,1061898.271444,4716846.910223,-77.422944,301.191983,0.188686
1461491054.934000,4142121.702014,1063404.160678,4716847.854360,-77.532755,301.163734,0.188969
1461491059.934000,4141733.763755,1064909.908568,4716848.799913,-77.642555,301.135445,0.189252
1461491064.934000,4141345.276518,1066415.514913,4716849.746880,-77.752345,301.107116,0.189535
1461491069.934000,4140956.240357,1067920.979512,4716850.695262,-77.862125,301.078747,0.189818
1461491074.934000,4140566.655322,1069426.302166,4716851.645059,-77.971895,301.050337,0.190101
1461491079.934000,4140176.521466,1070931.482675,4716852.596271,-78.081654,301.021888,0.190384
1461491084.934000,4139785.838840,1072436.520838,4716853.548897,-78.191403,300.993399,0.190667
1461491089.934000,4139394.607496,1073941.416456,4716854.502938,-78.301141,300.964870,0.190950
1461491094.934000,4139002.827486,1075446.169328,4716855.458393,-78.410869,300.936301,0.191233
1461491099.934000,4138610.498862,1076950.779254,4716856.415262,-78.520587,300.907692,0.191515
1461491104.934000,4138217.621677,1078455.246034,4716857.373545,-78.630294,300.879043,0.191798
1461491109.934000,4137824.195983,1079959.569469,4716858.333242,-78.739990,300.850354,0.192081
1461491114.934000,4137430.221832,1081463.749358,4716859.294353,-78.849676,300.821624,0.192364
1461491119.934000,4137035.699276,1082967.785502,4716860.256877,-78.959352,300.792855,0.192646
1461491124.934000,4136640.628368,1084471.677700,4716861.220815,-79.069017,300.764046,0.192929
1461491129.934000,4136245.009160,1085975.425752,4716862.186167,-79.178672,300.735197,0.193212
1461491134.934000,4135848.841705,1087479.029459,4716863.152931,-79.288316,300.706308,0.193494
1461491139.934000,4135452.126056,1088982.488621,4716864.121109,-79.397950,300.677379,0.193777
1461491144.934000,4135054.862265,1090485.803037,4716865.090700,-79.507573,300.648410,0.194060
1461491149.934000,4134657.050385,1091988.972509,4716866.061704,-79.617185,300.619401,0.194342
1461491154.934000,4134258.690469,1093491.996835,4716867.034120,-79.726787,300.590352,0.194625
1461491159.934000,4133859.782570,1094994.875817,4716868.007949,-79.836379,300.561263,0.194907
1461491164.934000,4133460.326741,1096497.609255,4716868.983191,-79.945959,300.532134,0.195190
1461491169.934000,4133060.323035,1098000.196948,4716869.959844,-80.055529,300.502965,0.195472
1461491174.934000,4132659.771506,1099502.638697,4716870.937911,-80.165089,300.473757,0.195755
1461491179.934000,4132258.672206,1101004.934303,4716871.917389,-80.274637,300.444508,0.196037
1461491184.934000,4131857.025188,1102507.083565,4716872.898279,-80.384176,300.415219,0.196319
1461491189.934000,4131454.830507,1104009.086284,4716873.880581,-80.493703,300.385891,0.196602
1461491194.934000,4131052.088216,1105510.942261,4716874.864295,-80.603220,300.356522,0.196884
1461491199.934000,4130648.798368,1107012.651295,4716875.849420,-80.712726,300.327114,0.197166
1461491204.934000,4130244.961017,1108514.213186,4716876.835957,-80.822221,300.297665,0.197449
1461491209.934000,4129840.576217,1110015.627737,4716877.823905,-80.931705,300.268177,0.197731
1461491214.934000,4129435.644020,1111516.894746,4716878.813264,-81.041179,300.238649,0.198013
1461491219.934000,4129030.164482,1113018.014014,4716879.804034,-81.150642,300.209081,0.198295
1461491224.934000,4128624.137656,1114518.985341,4716880.796215,-81.260094,300.179473,0.198577
1461491229.934000,4128217.563596,1116019.808529,4716881.789807,-81.369536,300.149825,0.198860
1461491234.934000,4127810.442356,1117520.483377,4716882.784810,-81.478966,300.120137,0.199142
1461491239.934000,4127402.773990,1119021.009687,4716883.781223,-81.588386,300.090409,0.199424
1461491244.934000,4126994.558553,1120521.387258,4716884.779047,-81.697795,300.060642,0.199706
1461491249.934000,4126585.796098,1122021.615891,4716885.778280,-81.807193,300.030834,0.199988
1461491254.934000,4126176.486680,1123521.695386,4716886.778924,-81.916580,300.000987,0.200270
1461491259.934000,4125766.630354,1125021.625545,4716887.780978,-82.025957,299.971099,0.200552
1461491264.934000,4125356.227173,1126521.406168,4716888.784442,-82.135322,299.941172,0.200834
1461491269.934000,4124945.277193,1128021.037056,4716889.789316,-82.244676,299.911205,0.201116
1461491274.934000,4124533.780468,1129520.518008,4716890.795599,-82.354020,299.881198,0.201398
1461491279.934000,4124121.737053,1131019.848826,4716891.803291,-82.463352,299.851151,0.201679
1461491284.934000,4123709.147002,1132519.029311,4716892.812393,-82.572674,299.821065,0.201961
1461491289.934000,4123296.010371,1134018.059263,4716893.822904,-82.681985,299.790938,0.202243
1461491294.934000,4122882.327214,1135516.938483,4716894.834824,-82.791284,299.760772,0.202525
1461491299.934000,4122468.097586,1137015.666772,4716895.848153,-82.900573,299.730566,0.202807
1461491304.934000,4122053.321543,1138514.243930,4716896.862891,-83.009851,299.700320,0.203088
1461491309.934000,4121637.999139,1140012.669758,4716897.879038,-83.119117,299.670034,0.203370
1461491314.934000,4121222.130430,1141510.944057,4716898.896593,-83.228373,299.639708,0.203652
1461491319.934000,4120805.715471,1143009.066628,4716899.915556,-83.337617,299.609343,0.203933
1461491324.934000,4120388.754318,1144507.037272,4716900.935928,-83.446851,299.578937,0.204215
1461491329.934000,4119971.247025,1146004.855789,4716901.957708,-83.556073,299.548492,0.204497
1461491334.934000,4119553.193648,1147502.521981,4716902.980895,-83.665284,299.518007,0.204778
1461491339.934000,4119134.594243,1149000.035648,4716904.005491,-83.774484,299.487482,0.205060
1461491344.934000,4118715.448866,1150497.396591,4716905.031494,-83.883673,299.456918,0.205341
1461491349.934000,4118295.757572,1151994.604612,4716906.058905,-83.992851,299.426313,0.205623
1461491354.934000,4117875.520418,1153491.659510,4716907.087723,-84.102017,299.395669,0.205904
1461491359.934000,4117454.737458,1154988.561088,4716908.117949,-84.211173,299.364985,0.206186
1461491364.934000,4117033.408749,1156485.309146,4716909.149581,-84.320317,299.334261,0.206467
1461491369.934000,4116611.534346,1157981.903485,4716910.182621,-84.429450,299.303497,0.206749
1461491374.934000,4116189.114307,1159478.343906,4716911.217068,-84.538572,299.272694,0.207030
1461491379.934000,4115766.148687,1160974.630211,4716912.252921,-84.647682,299.241851,0.207311
1461491384.934000,4115342.637542,1162470.762200,4716913.290181,-84.756782,299.210967,0.207593
1461491389.934000,4114918.580929,1163966.739674,4716914.328848,-84.865870,299.180045,0.207874
1461491394.934000,4114493.978903,1165462.562435,4716915.368920,-84.974947,299.149082,0.208155
1461491399.934000,4114068.831523,1166958.230284,4716916.410399,-85.084012,299.118080,0.208436
1461491404.934000,4113643.138843,1168453.743022,4716917.453284,-85.193066,299.087038,0.208718
1461491409.934000,4113216.900920,1169949.100450,4716918.497575,-85.302109,299.055956,0.208999
1461491414.934000,4112790.117812,1171444.302369,4716919.543272,-85.411140,299.024834,0.209280
1461491419.934000,4112362.789575,1172939.348581,4716920.590374,-85.520161,298.993673,0.209561
1461491424.934000,4111934.916266,1174434.238887,4716921.638882,-85.629169,298.962472,0.209842
1461491429.934000,4111506.497941,1175928.973087,4716922.688795,-85.738167,298.931231,0.210123
1461491434.934000,4111077.534658,1177423.550984,4716923.740114,-85.847153,298.899950,0.210404
1461491439.934000,4110648.026473,1178917.972379,4716924.792837,-85.956127,298.868630,0.210685
1461491444.934000,4110217.973444,1180412.237073,4716925.846965,-86.065090,298.837270,0.210966
1461491449.934000,4109787.375628,1181906.344867,4716926.902499,-86.174042,298.805870,0.211247
1461491454.934000,4109356.233082,1183400.295563,4716927.959437,-86.282982,298.774431,0.211528
1461491459.934000,4108924.545864,1184894.088962,4716929.017779,-86.391911,298.742951,0.211809
1461491464.934000,4108492.314030,1186387.724866,4716930.077526,-86.500828,298.711432,0.212090
1461491469.934000,4108059.537639,1187881.203076,4716931.138677,-86.609734,298.679874,0.212370
1461491474.934000,4107626.216748,1189374.523393,4716932.201232,-86.718629,298.648275,0.212651
1461491479.934000,4107192.351414,1190867.685619,4716933.265191,-86.827511,298.616637,0.212932
1461491484.934000,4106757.941695,1192360.689556,4716934.330554,-86.936382,298.584960,0.213213
1461491489.934000,4106322.987648,1193853.535005,4716935.397320,-87.045242,298.553242,0.213494
1461491494.934000,4105887.489333,1195346.221767,4716936.465490,-87.154090,298.521485,0.213774
1461491499.934000,4105451.446806,1196838.749645,4716937.535064,-87.262927,298.489688,0.214055
1461491504.934000,4105014.860126,1198331.118439,4716938.606041,-87.371752,298.457852,0.214335
1461491509.934000,4104577.729350,1199823.327951,4716939.678420,-87.480565,298.425976,0.214616
1461491514.934000,4104140.054537,1201315.377983,4716940.752203,-87.589367,298.394060,0.214897
1461491519.934000,4103701.835744,1202807.268337,4716941.827389,-87.698157,298.362104,0.215177
1461491524.934000,4103263.073031,1204298.998814,4716942.903977,-87.806935,298.330109,0.215458
1461491529.934000,4102823.766456,1205790.569217,4716943.981968,-87.915702,298.298074,0.215738
1461491534.934000,4102383.916076,1207281.979345,4716945.061361,-88.024457,298.266000,0.216019
1461491539.934000,4101943.521950,1208773.229003,4716946.142157,-88.133200,298.233886,0.216299
1461491544.934000,4101502.584138,1210264.317990,4716947.224354,-88.241931,298.201732,0.216580
1461491549.934000,4101061.102696,1211755.246109,4716948.307954,-88.350651,298.169538,0.216860
1461491554.934000,4100619.077685,1213246.013162,4716949.392955,-88.459359,298.137305,0.217140
1461491559.934000,4100176.509163,1214736.618951,4716950.479358,-88.568056,298.105033,0.217421
1461491564.934000,4099733.397189,1216227.063277,4716951.567162,-88.676740,298.072720,0.217701
1461491569.934000,4099289.741821,1217717.345942,4716952.656368,-88.785413,298.040368,0.217981
1461491574.934000,4098845.543119,1219207.466748,4716953.746975,-88.894074,298.007977,0.218261
1461491579.934000,4098400.801142,1220697.425498,4716954.838983,-89.002723,297.975546,0.218542
1461491584.934000,4097955.515948,1222187.221992,4716955.932393,-89.111360,297.943075,0.218822
1461491589.934000,4097509.687598,1223676.856034,4716957.027203,-89.219986,297.910564,0.219102
1461491594.934000,4097063.316150,1225166.327424,4716958.123413,-89.328600,297.878014,0.219382
1461491599.934000,4096616.401663,1226655.635965,4716959.221024,-89.437201,297.845425,0.219662
1461491604.934000,4096168.944198,1228144.781459,4716960.320036,-89.545791,297.812795,0.219942
1461491609.934000,4095720.943813,1229633.763708,4716961.420447,-89.654369,297.780127,0.220222
1461491614.934000,4095272.400568,1231122.582514,4716962.522259,-89.762935,297.747418,0.220502
1461491619.934000,4094823.314523,1232611.237679,4716963.625471,-89.871489,297.714670,0.220782
1461491624.934000,4094373.685737,1234099.729006,4716964.730082,-89.980031,297.681883,0.221062
1461491629.934000,4093923.514270,1235588.056295,4716965.836093,-90.088561,297.649056,0.221342
1461491634.934000,4093472.800183,1237076.219351,4716966.943504,-90.197080,297.616189,0.221622
1461491639.934000,4093021.543534,1238564.217974,4716968.052314,-90.305586,297.583283,0.221902
1461491644.934000,4092569.744384,1240052.051966,4716969.162523,-90.414080,297.550337,0.222181
1461491649.934000,4092117.402794,1241539.721131,4716970.274131,-90.522562,297.517351,0.222461
1461491654.934000,4091664.518822,1243027.225270,4716971.387138,-90.631032,297.484327,0.222741
1461491659.934000,4091211.092530,1244514.564185,4716972.501544,-90.739491,297.451262,0.223021
1461491664.934000,4090757.123977,1246001.737679,4716973.617348,-90.847937,297.418158,0.223300
1461491669.934000,4090302.613224,1247488.745555,4716974.734551,-90.956371,297.385015,0.223580
1461491674.934000,4089847.560332,1248975.587613,4716975.853152,-91.064792,297.351831,0.223860
1461491679.934000,4089391.965360,1250462.263658,4716976.973151,-91.173202,297.318609,0.224139
1461491684.934000,4088935.828370,1251948.773491,4716978.094549,-91.281600,297.285347,0.224419
1461491689.934000,4088479.149422,1253435.116914,4716979.217344,-91.389985,297.252045,0.224698
1461491694.934000,4088021.928577,1254921.293730,4716980.341537,-91.498359,297.218704,0.224978
1461491699.934000,4087564.165895,1256407.303741,4716981.467127,-91.606720,297.185323,0.225257
1461491704.934000,4087105.861438,1257893.146750,4716982.594115,-91.715069,297.151903,0.225537
1461491709.934000,4086647.015266,1259378.822560,4716983.722500,-91.823406,297.118443,0.225816
1461491714.934000,4086187.627441,1260864.330972,4716984.852282,-91.931730,297.084944,0.226096
1461491719.934000,4085727.698023,1262349.671790,4716985.983461,-92.040043,297.051405,0.226375
1461491724.934000,4085267.227073,1263834.844816,4716987.116037,-92.148343,297.017827,0.226655
1461491729.934000,4084806.214653,1265319.849851,4716988.250010,-92.256631,296.984210,0.226934
1461491734.934000,4084344.660825,1266804.686700,4716989.385379,-92.364907,296.950552,0.227213
1461491739.934000,4083882.565648,1268289.355165,4716990.522144,-92.473170,296.916856,0.227492
1461491744.934000,4083419.929186,1269773.855047,4716991.660306,-92.581421,296.883120,0.227772
1461491749.934000,4082956.751499,1271258.186151,4716992.799863,-92.689660,296.849344,0.228051
1461491754.934000,4082493.032648,1272742.348278,4716993.940817,-92.797886,296.815529,0.228330
1461491759.934000,4082028.772697,1274226.341232,4716995.083166,-92.906100,296.781675,0.228609
1461491764.934000,4081563.971705,1275710.164814,4716996.226911,-93.014302,296.747781,0.228888
1461491769.934000,4081098.629736,1277193.818829,4716997.372052,-93.122492,296.713847,0.229167
1461491774.934000,4080632.746851,1278677.303077,4716998.518587,-93.230669,296.679875,0.229446
1461491779.934000,4080166.323111,1280160.617363,4716999.666518,-93.338833,296.645862,0.229725
1461491784.934000,4079699.358579,1281643.761489,4717000.815844,-93.446986,296.611811,0.230004
1461491789.934000,4079231.853318,1283126.735258,4717001.966564,-93.555125,296.577719,0.230283
1461491794.934000,4078763.807388,1284609.538473,4717003.118680,-93.663253,296.543589,0.230562
1461491799.934000,4078295.220853,1286092.170937,4717004.272189,-93.771368,296.509419,0.230841
1461491804.934000,4077826.093774,1287574.632452,4717005.427094,-93.879470,296.475210,0.231120
1461491809.934000,4077356.426214,1289056.922822,4717006.583392,-93.987560,296.440961,0.231399
1461491814.934000,4076886.218236,1290539.041849,4717007.741085,-94.095637,296.406673,0.231677
1461491819.934000,4076415.469901,1292020.989336,4717008.900171,-94.203702,296.372345,0.231956
1461491824.934000,4075944.181273,1293502.765087,4717010.060651,-94.311755,296.337978,0.232235
1461491829.934000,4075472.352415,1294984.368905,4717011.222525,-94.419795,296.303572,0.232514
1461491834.934000,4074999.983388,1296465.800592,4717012.385792,-94.527822,296.269126,0.232792
1461491839.934000,4074527.074255,1297947.059951,4717013.550452,-94.635837,296.234641,0.233071
1461491844.934000,4074053.625081,1299428.146786,4717014.716506,-94.743839,296.200116,0.233350
1461491849.934000,4073579.635926,1300909.060900,4717015.883953,-94.851829,296.165552,0.233628
1461491854.934000,4073105.106856,1302389.802095,4717017.052792,-94.959806,296.130949,0.233907
1461491859.934000,4072630.037932,1303870.370176,4717018.223024,-95.067770,296.096306,0.234185
1461491864.934000,4072154.429217,1305350.764945,4717019.394649,-95.175722,296.061624,0.234464
1461491869.934000,4071678.280776,1306830.986205,4717020.567666,-95.283661,296.026903,0.234742
1461491874.934000,4071201.592670,1308311.033760,4717021.742075,-95.391587,295.992142,0.235021
1461491879.934000,4070724.364965,1309790.907413,4717022.917876,-95.499501,295.957342,0.235299
1461491884.934000,4070246.597722,1311270.606967,4717024.095069,-95.607402,295.922502,0.235577
1461491889.934000,4069768.291006,1312750.132225,4717025.273654,-95.715290,295.887624,0.235856
1461491894.934000,4069289.444880,1314229.482991,4717026.453631,-95.823166,295.852705,0.236134
1461491899.934000,4068810.059408,1315708.659068,4717027.634999,-95.931029,295.817748,0.236412
1461491904.934000,4068330.134653,1317187.660259,4717028.817758,-96.038879,295.782751,0.236690
1461491909.934000,4067849.670680,1318666.486369,4717030.001908,-96.146716,295.747715,0.236969
1461491914.934000,4067368.667552,1320145.137200,4717031.187449,-96.254541,295.712640,0.237247
1461491919.934000,4066887.125333,1321623.612555,4717032.374381,-96.362353,295.677525,0.237525
1461491924.934000,4066405.044088,1323101.912238,4717033.562704,-96.470152,295.642371,0.237803
1461491929.934000,4065922.423879,1324580.036053,4717034.752417,-96.577938,295.607178,0.238081
1461491934.934000,4065439.264772,1326057.983803,4717035.943521,-96.685711,295.571945,0.238359
1461491939.934000,4064955.566831,1327535.755292,4717037.136014,-96.793472,295.536673,0.238637
1461491944.934000,4064471.330120,1329013.350323,4717038.329898,-96.901219,295.501362,0.238915
1461491949.934000,4063986.554702,1330490.768700,4717039.525171,-97.008954,295.466011,0.239193
1461491954.934000,4063501.240644,1331968.010226,4717040.721835,-97.116676,295.430622,0.239471
1461491959.934000,4063015.388009,1333445.074705,4717041.919887,-97.224385,295.395193,0.239749
1461491964.934000,4062528.996862,1334921.961941,4717043.119329,-97.332080,295.359724,0.240027
1461491969.934000,4062042.067267,1336398.671737,4717044.320161,-97.439764,295.324217,0.240305
1461491974.934000,4061554.599290,1337875.203896,4717045.522381,-97.547434,295.288670,0.240582
1461491979.934000,4061066.592995,1339351.558224,4717046.725990,-97.655091,295.253084,0.240860
1461491984.934000,4060578.048446,1340827.734523,4717047.930988,-97.762735,295.217458,0.241138
1461491989.934000,4060088.965710,1342303.732597,4717049.137375,-97.870366,295.181794,0.241416
1461491994.934000,4059599.344850,1343779.552250,4717050.345150,-97.977984,295.146090,0.241693
1461491999.934000,4059109.185932,1345255.193286,4717051.554313,-98.085589,295.110347,0.241971
1461492004.934000,4058618.489022,1346730.655509,4717052.764864,-98.193181,295.074565,0.242248
1461492009.934000,4058127.254184,1348205.938722,4717053.976803,-98.300760,295.038743,0.242526
1461492014.934000,4057635.481483,1349681.042729,4717055.190130,-98.408326,295.002882,0.242804
1461492019.934000,4057143.170986,1351155.967335,4717056.404845,-98.515879,294.966982,0.243081
1461492024.934000,4056650.322757,1352630.712342,4717057.620947,-98.623419,294.931043,0.243359
1461492029.934000,4056156.936862,1354105.277556,4717058.838436,-98.730945,294.895065,0.243636
1461492034.934000,4055663.013367,1355579.662780,4717060.057312,-98.838459,294.859047,0.243913
1461492039.934000,4055168.552337,1357053.867818,4717061.277576,-98.945959,294.822990,0.244191
1461492044.934000,4054673.553838,1358527.892474,4717062.499226,-99.053446,294.786895,0.244468
1461492049.934000,4054178.017936,1360001.736553,4717063.722263,-99.160921,294.750759,0.244745
1461492054.934000,4053681.944697,1361475.399857,4717064.946686,-99.268381,294.714585,0.245023
1461492059.934000,4053185.334186,1362948.882192,4717066.172495,-99.375829,294.678372,0.245300
1461492064.934000,4052688.186470,1364422.183362,4717067.399691,-99.483264,294.642119,0.245577
1461492069.934000,4052190.501614,1365895.303170,4717068.628273,-99.590685,294.605827,0.245854
1461492074.934000,4051692.279686,1367368.241420,4717069.858240,-99.698093,294.569496,0.246131
1461492079.934000,4051193.520750,1368840.997918,4717071.089593,-99.805488,294.533126,0.246409
1461492084.934000,4050694.224874,1370313.572467,4717072.322332,-99.912869,294.496716,0.246686
1461492089.934000,4050194.392124,1371785.964871,4717073.556456,-100.020237,294.460268,0.246963
1461492094.934000,4049694.022566,1373258.174935,4717074.791965,-100.127592,294.423780,0.247240
1461492099.934000,4049193.116267,1374730.202463,4717076.028859,-100.234934,294.387253,0.247517
1461492104.934000,4048691.673293,1376202.047260,4717077.267138,-100.342262,294.350688,0.247794
1461492109.934000,4048189.693711,1377673.709128,4717078.506802,-100.449577,294.314083,0.248071
1461492114.934000,4047687.177588,1379145.187874,4717079.747850,-100.556878,294.277438,0.248347
1461492119.934000,4047184.124991,1380616.483301,4717080.990283,-100.664167,294.240755,0.248624
1461492124.934000,4046680.535986,1382087.595214,4717082.234099,-100.771441,294.204033,0.248901
1461492129.934000,4046176.410640,1383558.523417,4717083.479300,-100.878703,294.167271,0.249178
1461492134.934000,4045671.749021,1385029.267715,4717084.725884,-100.985951,294.130471,0.249455
1461492139.934000,4045166.551195,1386499.827912,4717085.973853,-101.093185,294.093631,0.249731
1461492144.934000,4044660.817230,1387970.203813,4717087.223204,-101.200407,294.056752,0.250008
1461492149.934000,4044154.547193,1389440.395221,4717088.473939,-101.307614,294.019834,0.250285
1461492154.934000,4043647.741151,1390910.401943,4717089.726058,-101.414809,293.982877,0.250561
1461492159.934000,4043140.399172,1392380.223782,4717090.979559,-101.521989,293.945881,0.250838
1461492164.934000,4042632.521322,1393849.860543,4717092.234443,-101.629157,293.908846,0.251114
1461492169.934000,4042124.107670,1395319.312030,4717093.490710,-101.736310,293.871772,0.251391
1461492174.934000,4041615.158283,1396788.578049,4717094.748359,-101.843451,293.834658,0.251667
1461492179.934000,4041105.673229,1398257.658403,4717096.007391,-101.950577,293.797506,0.251944
1461492184.934000,4040595.652575,1399726.552898,4717097.267804,-102.057690,293.760315,0.252220
1461492189.934000,4040085.096390,1401195.261338,4717098.529600,-102.164790,293.723084,0.252497
1461492194.934000,4039574.004741,1402663.783529,4717099.792778,-102.271876,293.685815,0.252773
1461492199.934000,4039062.377696,1404132.119274,4717101.057337,-102.378948,293.648506,0.253049
1461492204.934000,4038550.215323,1405600.268379,4717102.323278,-102.486007,293.611158,0.253326
1461492209.934000,4038037.517690,1407068.230649,4717103.590600,-102.593052,293.573772,0.253602
1461492214.934000,4037524.284866,1408536.005887,4717104.859304,-102.700084,293.536346,0.253878
1461492219.934000,4037010.516918,1410003.593901,4717106.129388,-102.807102,293.498882,0.254154
1461492224.934000,4036496.213915,1411470.994493,4717107.400853,-102.914106,293.461378,0.254430
1461492229.934000,4035981.375925,1412938.207469,4717108.673699,-103.021096,293.423835,0.254706
1461492234.934000,4035466.003017,1414405.232634,4717109.947925,-103.128073,293.386253,0.254983
1461492239.934000,4034950.095259,1415872.069793,4717111.223532,-103.235036,293.348633,0.255259
1461492244.934000,4034433.652721,1417338.718751,4717112.500519,-103.341986,293.310973,0.255535
1461492249.934000,4033916.675469,1418805.179314,4717113.778886,-103.448921,293.273274,0.255811
1461492254.934000,4033399.163574,1420271.451285,4717115.058632,-103.555843,293.235537,0.256087
1461492259.934000,4032881.117103,1421737.534470,4717116.339759,-103.662751,293.197760,0.256362
1461492264.934000,4032362.536127,1423203.428675,4717117.622264,-103.769646,293.159944,0.256638
1461492269.934000,4031843.420713,1424669.133704,4717118.906149,-103.876526,293.122090,0.256914
1461492274.934000,4031323.770931,1426134.649362,4717120.191414,-103.983393,293.084196,0.257190
1461492279.934000,4030803.586850,1427599.975456,4717121.478057,-104.090246,293.046264,0.257466
1461492284.934000,4030282.868539,1429065.111789,4717122.766079,-104.197085,293.008292,0.257741
1461492289.934000,4029761.616067,1430530.058167,4717124.055479,-104.303910,292.970282,0.258017
1461492294.934000,4029239.829503,1431994.814396,4717125.346258,-104.410721,292.932232,0.258293
1461492299.934000,4028717.508918,1433459.380280,4717126.638416,-104.517519,292.894144,0.258568
1461492304.934000,4028194.654380,1434923.755626,4717127.931951,-104.624302,292.856017,0.258844
1461492309.934000,4027671.265959,1436387.940238,4717129.226864,-104.731072,292.817851,0.259120
1461492314.934000,4027147.343724,1437851.933921,4717130.523156,-104.837828,292.779645,0.259395
1461492319.934000,4026622.887745,1439315.736481,4717131.820824,-104.944570,292.741401,0.259671
1461492324.934000,4026097.898092,1440779.347724,4717133.119870,-105.051298,292.703118,0.259946
1461492329.934000,4025572.374835,1442242.767455,4717134.420294,-105.158011,292.664796,0.260222
1461492334.934000,4025046.318043,1443705.995479,4717135.722094,-105.264711,292.626436,0.260497
1461492339.934000,4024519.727786,1445169.031601,4717137.025271,-105.371397,292.588036,0.260772
1461492344.934000,4023992.604135,1446631.875629,4717138.329825,-105.478069,292.549597,0.261048
1461492349.934000,4023464.947159,1448094.527366,4717139.635756,-105.584727,292.511120,0.261323
1461492354.934000,4022936.756929,1449556.986618,4717140.943063,-105.691371,292.472604,0.261598
1461492359.934000,4022408.033515,1451019.253191,4717142.251746,-105.798001,292.434048,0.261873
1461492364.934000,4021878.776987,1452481.326891,4717143.561805,-105.904617,292.395454,0.262149
1461492369.934000,4021348.987415,1453943.207524,4717144.873241,-106.011218,292.356821,0.262424
1461492374.934000,4020818.664870,1455404.894894,4717146.186051,-106.117806,292.318149,0.262699
1461492379.934000,4020287.809423,1456866.388808,4717147.500238,-106.224379,292.279439,0.262974
1461492384.934000,4019756.421143,1458327.689071,4717148.815799,-106.330939,292.240689,0.263249
1461492389.934000,4019224.500102,1459788.795489,4717150.132736,-106.437484,292.201901,0.263524
1461492394.934000,4018692.046371,1461249.707868,4717151.451048,-106.544015,292.163073,0.263799
1461492399.934000,4018159.060019,1462710.426014,4717152.770734,-106.650532,292.124207,0.264074
1461492404.934000,4017625.541119,1464170.949731,4717154.091795,-106.757035,292.085302,0.264349
1461492409.934000,4017091.489740,1465631.278828,4717155.414231,-106.863523,292.046359,0.264624
1461492414.934000,4016556.905954,1467091.413108,4717156.738041,-106.969997,292.007376,0.264898
1461492419.934000,4016021.789832,1468551.352378,4717158.063225,-107.076457,291.968355,0.265173
1461492424.934000,4015486.141445,1470011.096445,4717159.389783,-107.182903,291.929294,0.265448
1461492429.934000,4014949.960865,1471470.645113,4717160.717715,-107.289335,291.890195,0.265723
1461492434.934000,4014413.248162,1472929.998189,4717162.047020,-107.395752,291.851058,0.265997
1461492439.934000,4013876.003408,1474389.155479,4717163.377699,-107.502155,291.811881,0.266272
1461492444.934000,4013338.226674,1475848.116789,4717164.709751,-107.608544,291.772666,0.266547
1461492449.934000,4012799.918032,1477306.881925,4717166.043175,-107.714919,291.733411,0.266821
1461492454.934000,4012261.077554,1478765.450692,4717167.377973,-107.821279,291.694118,0.267096
1461492459.934000,4011721.705310,1480223.822898,4717168.714144,-107.927625,291.654787,0.267370
1461492464.934000,4011181.801373,1481681.998348,4717170.051687,-108.033956,291.615416,0.267645
1461492469.934000,4010641.365815,1483139.976849,4717171.390602,-108.140273,291.576007,0.267919
1461492474.934000,4010100.398707,1484597.758206,4717172.730890,-108.246576,291.536559,0.268194
1461492479.934000,4009558.900121,1486055.342226,4717174.072549,-108.352864,291.497072,0.268468
1461492484.934000,4009016.870130,1487512.728714,4717175.415581,-108.459138,291.457546,0.268742
1461492489.934000,4008474.308804,1488969.917479,4717176.759983,-108.565398,291.417982,0.269017
1461492494.934000,4007931.216217,1490426.908324,4717178.105758,-108.671643,291.378379,0.269291
1461492499.934000,4007387.592441,1491883.701058,4717179.452903,-108.777874,291.338737,0.269565
1461492504.934000,4006843.437548,1493340.295485,4717180.801420,-108.884090,291.299057,0.269839
1461492509.934000,4006298.751610,1494796.691414,4717182.151308,-108.990292,291.259337,0.270114
1461492514.934000,4005753.534699,1496252.888649,4717183.502566,-109.096479,291.219579,0.270388
1461492519.934000,4005207.786889,1497708.886997,4717184.855195,-109.202651,291.179783,0.270662
1461492524.934000,4004661.508251,1499164.686266,4717186.209194,-109.308810,291.139947,0.270936
1461492529.934000,4004114.698859,1500620.286260,4717187.564564,-109.414953,291.100073,0.271210
1461492534.934000,4003567.358784,1502075.686788,4717188.921303,-109.521082,291.060160,0.271484
1461492539.934000,4003019.488101,1503530.887655,4717190.279412,-109.627197,291.020209,0.271758
1461492544.934000,4002471.086880,1504985.888667,4717191.638891,-109.733297,290.980219,0.272032
1461492549.934000,4001922.155197,1506440.689632,4717192.999740,-109.839382,290.940190,0.272306
1461492554.934000,4001372.693122,1507895.290356,4717194.361957,-109.945453,290.900122,0.272579
1461492559.934000,4000822.700731,1509349.690646,4717195.725544,-110.051509,290.860016,0.272853
1461492564.934000,4000272.178094,1510803.890308,4717197.090500,-110.157551,290.819871,0.273127
1461492569.934000,3999721.125287,1512257.889149,4717198.456824,-110.263578,290.779688,0.273401
1461492574.934000,3999169.542382,1513711.686976,4717199.824517,-110.369590,290.739466,0.273674
1461492579.934000,3998617.429452,1515165.283595,4717201.193579,-110.475588,290.699205,0.273948
1461492584.934000,3998064.786570,1516618.678814,4717202.564008,-110.581571,290.658905,0.274222
1461492589.934000,3997511.613811,1518071.872438,4717203.935806,-110.687539,290.618567,0.274495
1461492594.934000,3996957.911248,1519524.864275,4717205.308971,-110.793492,290.578190,0.274769
1461492599.934000,3996403.678954,1520977.654132,4717206.683504,-110.899431,290.537775,0.275042
1461492604.934000,3995848.917004,1522430.241816,4717208.059405,-111.005355,290.497321,0.275316
1461492609.934000,3995293.625469,1523882.627133,4717209.436673,-111.111264,290.456828,0.275589
1461492614.934000,3994737.804426,1525334.809890,4717210.815308,-111.217159,290.416297,0.275863
1461492619.934000,3994181.453947,1526786.789894,4717212.195309,-111.323039,290.375727,0.276136
1461492624.934000,3993624.574107,1528238.566953,4717213.576678,-111.428904,290.335119,0.276409
1461492629.934000,3993067.164979,1529690.140873,4717214.959413,-111.534754,290.294472,0.276683
1461492634.934000,3992509.226638,1531141.511461,4717216.343515,-111.640589,290.253786,0.276956
1461492639.934000,3991950.759157,1532592.678525,4717217.728982,-111.746409,290.213062,0.277229
1461492644.934000,3991391.762611,1534043.641871,4717219.115816,-111.852215,290.172299,0.277502
1461492649.934000,3990832.237075,1535494.401307,4717220.504015,-111.958006,290.131498,0.277775
1461492654.934000,3990272.182623,1536944.956640,4717221.893581,-112.063781,290.090658,0.278048
